Leaf Type,Purchase For,Inventory,Garden,Kenyan Tea,RA Tea,Grade,Pkg,Lot No,Invoice,Uhuru,Comment,Liqor Remark,Leaf Remark,Dust,Actual Dust,Actual Density,Density,Pkgs,Net Kgs,Pkg Wght,Warehouse,Reprint,On AC,Mark,Val,AHP,"Max,Hamm Prc","Min,Hamm Prc","Bid Price,1","Bid Price,2","Bid Price,3",Pre Cust 1,Pre Prc 1,Last,Sieve,Pkgs Ord,SAL Hmr Prc,Brk Hmr Prc,Wght Ord,Extended Cost,Post Cust 1,Post Qty 1,Post Cust 2,Post Qty 2,Cmptr 1,Comp Qty 1,Cmptr 2,Comp Qty 2,Cmptr 3,Comp Qty 3,Change Comments,Change User,Tasting User,Tasting Entry User,"Colour,Value","Sparkle,Value","Body,Value","Zinc,Value",Entry/Offer No,"Confirmation,Date"
Main,Goods for Inventory,TEA,MUNUNGA - RA,Yes,Yes,BP1,TPP,22838,NU21220089,NONE,,,,0.0000,0.0000,0.00,0.00,40,2480,62,CTCKTD,No,No,Yes,0.00,0.00,0.00,0.00,0.00,0.00,0.00,,0.00,No,No,0,0.00,0.00,0,0.00,,0,,0,,0,,0,,0,,,,HELEN,0,0,0,0,,13-Sep-21
Main,Goods for Inventory,TEA,MUNUNGA - RA,Yes,Yes,PF1,TPP,22839,NU21220063,NONE,,,,0.0000,0.0000,0.00,0.00,40,2702,68,CTCKTD,No,No,Yes,0.00,0.00,0.00,0.00,0.00,0.00,0.00,,0.00,No,No,0,0.00,0.00,0,0.00,,0,,0,,0,,0,,0,,,,HELEN,0,0,0,0,,13-Sep-21
Main,Goods for Inventory,TEA,MUNUNGA - RA,Yes,Yes,PF1,TPP,22840,NU21220065,NONE,,,,0.0000,0.0000,0.00,0.00,40,2704,68,CTCKTD,No,No,Yes,0.00,0.00,0.00,0.00,0.00,0.00,0.00,,0.00,No,No,0,0.00,0.00,0,0.00,,0,,0,,0,,0,,0,,,,HELEN,0,0,0,0,,13-Sep-21
Main,Goods for Inventory,TEA,MUNUNGA - RA,Yes,Yes,PF1,TPP,22841,NU21220073,NONE,,,,0.0000,0.0000,0.00,0.00,40,2700,68,CTCKTD,No,No,Yes,0.00,0.00,0.00,0.00,0.00,0.00,0.00,,0.00,No,No,0,0.00,0.00,0,0.00,,0,,0,,0,,0,,0,,,,HELEN,0,0,0,0,,13-Sep-21
Main,Goods for Inventory,TEA,GITHAMBO - RA,Yes,Yes,BP1,TPP,22844,GB21220052,NONE,,,,0.0000,0.0000,0.00,0.00,40,2480,62,CTCKTD,No,No,Yes,0.00,0.00,0.00,0.00,0.00,0.00,0.00,,0.00,No,No,0,0.00,0.00,0,0.00,,0,,0,,0,,0,,0,,,,HELEN,0,0,0,0,,13-Sep-21
Main,Goods for Inventory,TEA,GITHAMBO - RA,Yes,Yes,PF1,TPP,22845,GB20212116,NONE,,,,0.0000,0.0000,0.00,0.00,40,2720,68,CTCKTD,No,No,Yes,0.00,0.00,0.00,0.00,0.00,0.00,0.00,,0.00,No,No,0,0.00,0.00,0,0.00,,0,,0,,0,,0,,0,,,,HELEN,0,0,0,0,,13-Sep-21
Main,Goods for Inventory,TEA,GITHAMBO - RA,Yes,Yes,PF1,TPP,22846,GB20212122,NONE,,,,0.0000,0.0000,0.00,0.00,40,2720,68,CTCKTD,No,No,Yes,0.00,0.00,0.00,0.00,0.00,0.00,0.00,,0.00,No,No,0,0.00,0.00,0,0.00,,0,,0,,0,,0,,0,,,,HELEN,0,0,0,0,,13-Sep-21
Main,Goods for Inventory,TEA,GITHAMBO - RA,Yes,Yes,PF1,TPP,22847,GB20212186,NONE,,,,0.0000,0.0000,0.00,0.00,40,2712,68,CTCKTD,No,No,Yes,0.00,0.00,0.00,0.00,0.00,0.00,0.00,,0.00,No,No,0,0.00,0.00,0,0.00,,0,,0,,0,,0,,0,,,,HELEN,0,0,0,0,,13-Sep-21
Main,Goods for Inventory,TEA,GITHAMBO - RA,Yes,Yes,PF1,TPP,22848,GB21220083,NONE,,,,0.0000,0.0000,0.00,0.00,40,2720,68,CTCKTD,No,No,Yes,0.00,0.00,0.00,0.00,0.00,0.00,0.00,,0.00,No,No,0,0.00,0.00,0,0.00,,0,,0,,0,,0,,0,,,,HELEN,0,0,0,0,,13-Sep-21
Main,Goods for Inventory,TEA,GITHAMBO - RA,Yes,Yes,PF1,TPP,22849,GB21220093,NONE,,,,0.0000,0.0000,0.00,0.00,40,2720,68,CTCKTD,No,No,Yes,0.00,0.00,0.00,0.00,0.00,0.00,0.00,,0.00,No,No,0,0.00,0.00,0,0.00,,0,,0,,0,,0,,0,,,,HELEN,0,0,0,0,,13-Sep-21
Main,Goods for Inventory,TEA,IRIAINI - RA,Yes,Yes,BP1,TPP,22852,IR21220127,NONE,,,,0.0000,0.0000,0.00,0.00,40,2480,62,CTCKTD,No,No,Yes,0.00,0.00,0.00,0.00,0.00,0.00,0.00,,0.00,No,No,0,0.00,0.00,0,0.00,,0,,0,,0,,0,,0,,,,HELEN,0,0,0,0,,13-Sep-21
Main,Goods for Inventory,TEA,IRIAINI - RA,Yes,Yes,PF1,TPP,22853,IR21220104,NONE,,,,0.0000,0.0000,0.00,0.00,40,2720,68,CTCKTD,No,No,Yes,0.00,0.00,0.00,0.00,0.00,0.00,0.00,,0.00,No,No,0,0.00,0.00,0,0.00,,0,,0,,0,,0,,0,,,,HELEN,0,0,0,0,,13-Sep-21
Main,Goods for Inventory,TEA,IRIAINI - RA,Yes,Yes,PF1,TPP,22854,IR21220113,NONE,,,,0.0000,0.0000,0.00,0.00,40,2720,68,CTCKTD,No,No,Yes,0.00,0.00,0.00,0.00,0.00,0.00,0.00,,0.00,No,No,0,0.00,0.00,0,0.00,,0,,0,,0,,0,,0,,,,HELEN,0,0,0,0,,13-Sep-21
Main,Goods for Inventory,TEA,KANYENYA - RA,Yes,Yes,BP1,TPP,22856,KY20211702,NONE,,,,0.0000,0.0000,0.00,0.00,40,2476,62,CTCMRD,No,No,Yes,0.00,0.00,0.00,0.00,0.00,0.00,0.00,,0.00,No,No,0,0.00,0.00,0,0.00,,0,,0,,0,,0,,0,,,,HELEN,0,0,0,0,,13-Sep-21
Main,Goods for Inventory,TEA,KANYENYA - RA,Yes,Yes,BP1,TPP,22857,KY21220009,NONE,,,,0.0000,0.0000,0.00,0.00,40,2480,62,CTCMRD,No,No,Yes,0.00,0.00,0.00,0.00,0.00,0.00,0.00,,0.00,No,No,0,0.00,0.00,0,0.00,,0,,0,,0,,0,,0,,,,HELEN,0,0,0,0,,13-Sep-21
Main,Goods for Inventory,TEA,KANYENYA - RA,Yes,Yes,PF1,TPP,22858,KY21220057,NONE,,,,0.0000,0.0000,0.00,0.00,40,2720,68,CTCMRD,No,No,Yes,0.00,0.00,0.00,0.00,0.00,0.00,0.00,,0.00,No,No,0,0.00,0.00,0,0.00,,0,,0,,0,,0,,0,,,,HELEN,0,0,0,0,,13-Sep-21
Main,Goods for Inventory,TEA,GATHUTHI - RA,Yes,Yes,BP1,TPP,22863,GH21220111,NONE,,,,0.0000,0.0000,0.00,0.00,40,2480,62,CTCJM2,No,No,Yes,0.00,0.00,0.00,0.00,0.00,0.00,0.00,,0.00,No,No,0,0.00,0.00,0,0.00,,0,,0,,0,,0,,0,,,,HELEN,0,0,0,0,,13-Sep-21
Main,Goods for Inventory,TEA,GATHUTHI - RA,Yes,Yes,PF1,TPP,22864,GH21220095,NONE,,,,0.0000,0.0000,0.00,0.00,40,2720,68,CTCJM2,No,No,Yes,0.00,0.00,0.00,0.00,0.00,0.00,0.00,,0.00,No,No,0,0.00,0.00,0,0.00,,0,,0,,0,,0,,0,,,,HELEN,0,0,0,0,,13-Sep-21
Main,Goods for Inventory,TEA,GATHUTHI - RA,Yes,Yes,PF1,TPP,22865,GH21220105,NONE,,,,0.0000,0.0000,0.00,0.00,40,2720,68,CTCJM2,No,No,Yes,0.00,0.00,0.00,0.00,0.00,0.00,0.00,,0.00,No,No,0,0.00,0.00,0,0.00,,0,,0,,0,,0,,0,,,,HELEN,0,0,0,0,,13-Sep-21
Main,Goods for Inventory,TEA,MATAARA - RA,Yes,Yes,BP1,TPP,22868,MT20211311,NONE,,,,0.0000,0.0000,0.00,0.00,40,2464,62,CTCJM2,No,No,Yes,0.00,0.00,0.00,0.00,0.00,0.00,0.00,,0.00,No,No,0,0.00,0.00,0,0.00,,0,,0,,0,,0,,0,,,,HELEN,0,0,0,0,,13-Sep-21
Main,Goods for Inventory,TEA,MATAARA - RA,Yes,Yes,BP1,TPP,22869,MT20211403,NONE,,,,0.0000,0.0000,0.00,0.00,40,2468,62,CTCJM2,No,No,Yes,0.00,0.00,0.00,0.00,0.00,0.00,0.00,,0.00,No,No,0,0.00,0.00,0,0.00,,0,,0,,0,,0,,0,,,,HELEN,0,0,0,0,,13-Sep-21
Main,Goods for Inventory,TEA,MATAARA - RA,Yes,Yes,BP1,TPP,22870,MT21220019,NONE,,,,0.0000,0.0000,0.00,0.00,40,2480,62,CTCJM2,No,No,Yes,0.00,0.00,0.00,0.00,0.00,0.00,0.00,,0.00,No,No,0,0.00,0.00,0,0.00,,0,,0,,0,,0,,0,,,,HELEN,0,0,0,0,,13-Sep-21
Main,Goods for Inventory,TEA,MATAARA - RA,Yes,Yes,PF1,TPP,22871,MT21220040,NONE,,,,0.0000,0.0000,0.00,0.00,40,2720,68,CTCJM2,No,No,Yes,0.00,0.00,0.00,0.00,0.00,0.00,0.00,,0.00,No,No,0,0.00,0.00,0,0.00,,0,,0,,0,,0,,0,,,,HELEN,0,0,0,0,,13-Sep-21
Main,Goods for Inventory,TEA,MATAARA - RA,Yes,Yes,PF1,TPP,22872,MT21220046,NONE,,,,0.0000,0.0000,0.00,0.00,40,2720,68,CTCJM2,No,No,Yes,0.00,0.00,0.00,0.00,0.00,0.00,0.00,,0.00,No,No,0,0.00,0.00,0,0.00,,0,,0,,0,,0,,0,,,,HELEN,0,0,0,0,,13-Sep-21
Main,Goods for Inventory,TEA,MATAARA - RA,Yes,Yes,PF1,TPP,22873,MT21220053,NONE,,,,0.0000,0.0000,0.00,0.00,40,2720,68,CTCJM2,No,No,Yes,0.00,0.00,0.00,0.00,0.00,0.00,0.00,,0.00,No,No,0,0.00,0.00,0,0.00,,0,,0,,0,,0,,0,,,,HELEN,0,0,0,0,,13-Sep-21
Main,Goods for Inventory,TEA,KAMBAA - RA,Yes,Yes,BP1,TPP,22876,KA21220040,NONE,,,,0.0000,0.0000,0.00,0.00,40,2480,62,CTCKTD,No,No,Yes,0.00,0.00,0.00,0.00,0.00,0.00,0.00,,0.00,No,No,0,0.00,0.00,0,0.00,,0,,0,,0,,0,,0,,,,HELEN,0,0,0,0,,13-Sep-21
Main,Goods for Inventory,TEA,KAMBAA - RA,Yes,Yes,PF1,TPP,22877,KA21220073,NONE,,,,0.0000,0.0000,0.00,0.00,40,2720,68,CTCKTD,No,No,Yes,0.00,0.00,0.00,0.00,0.00,0.00,0.00,,0.00,No,No,0,0.00,0.00,0,0.00,,0,,0,,0,,0,,0,,,,HELEN,0,0,0,0,,13-Sep-21
Main,Goods for Inventory,TEA,KAMBAA - RA,Yes,Yes,PF1,TPP,22878,KA21220075,NONE,,,,0.0000,0.0000,0.00,0.00,40,2720,68,CTCKTD,No,No,Yes,0.00,0.00,0.00,0.00,0.00,0.00,0.00,,0.00,No,No,0,0.00,0.00,0,0.00,,0,,0,,0,,0,,0,,,,HELEN,0,0,0,0,,13-Sep-21
Main,Goods for Inventory,TEA,KAMBAA - RA,Yes,Yes,PF1,TPP,22879,KA21220080,NONE,,,,0.0000,0.0000,0.00,0.00,40,2720,68,CTCKTD,No,No,Yes,0.00,0.00,0.00,0.00,0.00,0.00,0.00,,0.00,No,No,0,0.00,0.00,0,0.00,,0,,0,,0,,0,,0,,,,HELEN,0,0,0,0,,13-Sep-21
Main,Goods for Inventory,TEA,KAMBAA - RA,Yes,Yes,PF1,TPP,22880,KA21220085,NONE,,,,0.0000,0.0000,0.00,0.00,40,2720,68,CTCKTD,No,No,Yes,0.00,0.00,0.00,0.00,0.00,0.00,0.00,,0.00,No,No,0,0.00,0.00,0,0.00,,0,,0,,0,,0,,0,,,,HELEN,0,0,0,0,,13-Sep-21
Main,Goods for Inventory,TEA,GACHEGE - RA,Yes,Yes,BP1,TPP,22883,GC21220049,NONE,,,,0.0000,0.0000,0.00,0.00,40,2480,62,CTCKTD,No,No,Yes,0.00,0.00,0.00,0.00,0.00,0.00,0.00,,0.00,No,No,0,0.00,0.00,0,0.00,,0,,0,,0,,0,,0,,,,HELEN,0,0,0,0,,13-Sep-21
Main,Goods for Inventory,TEA,GACHEGE - RA,Yes,Yes,PF1,TPP,22884,GC21220034,NONE,,,,0.0000,0.0000,0.00,0.00,40,2720,68,CTCKTD,No,No,Yes,0.00,0.00,0.00,0.00,0.00,0.00,0.00,,0.00,No,No,0,0.00,0.00,0,0.00,,0,,0,,0,,0,,0,,,,HELEN,0,0,0,0,,13-Sep-21
Main,Goods for Inventory,TEA,GACHEGE - RA,Yes,Yes,PF1,TPP,22885,GC21220039,NONE,,,,0.0000,0.0000,0.00,0.00,40,2720,68,CTCKTD,No,No,Yes,0.00,0.00,0.00,0.00,0.00,0.00,0.00,,0.00,No,No,0,0.00,0.00,0,0.00,,0,,0,,0,,0,,0,,,,HELEN,0,0,0,0,,13-Sep-21
Main,Goods for Inventory,TEA,THETA - RA,Yes,Yes,BP1,TPP,22887,TH20211299,NONE,,,,0.0000,0.0000,0.00,0.00,40,2460,62,CTCMTI,No,No,Yes,0.00,0.00,0.00,0.00,0.00,0.00,0.00,,0.00,No,No,0,0.00,0.00,0,0.00,,0,,0,,0,,0,,0,,,,HELEN,0,0,0,0,,13-Sep-21
Main,Goods for Inventory,TEA,THETA - RA,Yes,Yes,BP1,TPP,22888,TH20211311,NONE,,,,0.0000,0.0000,0.00,0.00,40,2460,62,CTCMTI,No,No,Yes,0.00,0.00,0.00,0.00,0.00,0.00,0.00,,0.00,No,No,0,0.00,0.00,0,0.00,,0,,0,,0,,0,,0,,,,HELEN,0,0,0,0,,13-Sep-21
Main,Goods for Inventory,TEA,THETA - RA,Yes,Yes,BP1,TPP,22889,TH21220005,NONE,,,,0.0000,0.0000,0.00,0.00,40,2480,62,CTCJM2,No,No,Yes,0.00,0.00,0.00,0.00,0.00,0.00,0.00,,0.00,No,No,0,0.00,0.00,0,0.00,,0,,0,,0,,0,,0,,,,HELEN,0,0,0,0,,13-Sep-21
Main,Goods for Inventory,TEA,THETA - RA,Yes,Yes,PF1,TPP,22890,TH21220042,NONE,,,,0.0000,0.0000,0.00,0.00,40,2720,68,CTCJM2,No,No,Yes,0.00,0.00,0.00,0.00,0.00,0.00,0.00,,0.00,No,No,0,0.00,0.00,0,0.00,,0,,0,,0,,0,,0,,,,HELEN,0,0,0,0,,13-Sep-21
Main,Goods for Inventory,TEA,KAGWE - RA,Yes,Yes,BP1,TPP,22893,KW21220010,NONE,,,,0.0000,0.0000,0.00,0.00,40,2480,62,CTCJM2,No,No,Yes,0.00,0.00,0.00,0.00,0.00,0.00,0.00,,0.00,No,No,0,0.00,0.00,0,0.00,,0,,0,,0,,0,,0,,,,HELEN,0,0,0,0,,13-Sep-21
Main,Goods for Inventory,TEA,KAGWE - RA,Yes,Yes,PF1,TPP,22894,KW20212611,NONE,,,,0.0000,0.0000,0.00,0.00,40,2712,68,CTCJM2,No,No,Yes,0.00,0.00,0.00,0.00,0.00,0.00,0.00,,0.00,No,No,0,0.00,0.00,0,0.00,,0,,0,,0,,0,,0,,,,HELEN,0,0,0,0,,13-Sep-21
Main,Goods for Inventory,TEA,KAGWE - RA,Yes,Yes,PF1,TPP,22895,KW21220064,NONE,,,,0.0000,0.0000,0.00,0.00,40,2720,68,CTCJM2,No,No,Yes,0.00,0.00,0.00,0.00,0.00,0.00,0.00,,0.00,No,No,0,0.00,0.00,0,0.00,,0,,0,,0,,0,,0,,,,HELEN,0,0,0,0,,13-Sep-21
Main,Goods for Inventory,TEA,KAGWE - RA,Yes,Yes,PF1,TPP,22896,KW21220074,NONE,,,,0.0000,0.0000,0.00,0.00,40,2720,68,CTCJM2,No,No,Yes,0.00,0.00,0.00,0.00,0.00,0.00,0.00,,0.00,No,No,0,0.00,0.00,0,0.00,,0,,0,,0,,0,,0,,,,HELEN,0,0,0,0,,13-Sep-21
Main,Goods for Inventory,TEA,KAGWE - RA,Yes,Yes,PF1,TPP,22897,KW21220077,NONE,,,,0.0000,0.0000,0.00,0.00,40,2720,68,CTCJM2,No,No,Yes,0.00,0.00,0.00,0.00,0.00,0.00,0.00,,0.00,No,No,0,0.00,0.00,0,0.00,,0,,0,,0,,0,,0,,,,HELEN,0,0,0,0,,13-Sep-21
Main,Goods for Inventory,TEA,NDUTI - RA,Yes,Yes,BP1,TPP,22900,DT20211141,NONE,,,,0.0000,0.0000,0.00,0.00,40,2460,62,CTCMRD,No,No,Yes,0.00,0.00,0.00,0.00,0.00,0.00,0.00,,0.00,No,No,0,0.00,0.00,0,0.00,,0,,0,,0,,0,,0,,,,HELEN,0,0,0,0,,13-Sep-21
Main,Goods for Inventory,TEA,NDUTI - RA,Yes,Yes,BP1,TPP,22901,DT21220054,NONE,,,,0.0000,0.0000,0.00,0.00,40,2480,62,CTCMRD,No,No,Yes,0.00,0.00,0.00,0.00,0.00,0.00,0.00,,0.00,No,No,0,0.00,0.00,0,0.00,,0,,0,,0,,0,,0,,,,HELEN,0,0,0,0,,13-Sep-21
Main,Goods for Inventory,TEA,NDUTI - RA,Yes,Yes,PF1,TPP,22902,DT21220047,NONE,,,,0.0000,0.0000,0.00,0.00,40,2720,68,CTCMRD,No,No,Yes,0.00,0.00,0.00,0.00,0.00,0.00,0.00,,0.00,No,No,0,0.00,0.00,0,0.00,,0,,0,,0,,0,,0,,,,HELEN,0,0,0,0,,13-Sep-21
Main,Goods for Inventory,TEA,NDUTI - RA,Yes,Yes,PF1,TPP,22903,DT21220049,NONE,,,,0.0000,0.0000,0.00,0.00,40,2720,68,CTCMRD,No,No,Yes,0.00,0.00,0.00,0.00,0.00,0.00,0.00,,0.00,No,No,0,0.00,0.00,0,0.00,,0,,0,,0,,0,,0,,,,HELEN,0,0,0,0,,13-Sep-21
Main,Goods for Inventory,TEA,IGEMBE - RA,Yes,Yes,PF1,TPP,22905,IG21220020,NONE,,,,0.0000,0.0000,0.00,0.00,40,2720,68,CTCKTD,No,No,Yes,0.00,0.00,0.00,0.00,0.00,0.00,0.00,,0.00,No,No,0,0.00,0.00,0,0.00,,0,,0,,0,,0,,0,,,,HELEN,0,0,0,0,,13-Sep-21
Main,Goods for Inventory,TEA,IGEMBE - RA,Yes,Yes,PF1,TPP,22906,IG21220026,NONE,,,,0.0000,0.0000,0.00,0.00,40,2720,68,CTCKTD,No,No,Yes,0.00,0.00,0.00,0.00,0.00,0.00,0.00,,0.00,No,No,0,0.00,0.00,0,0.00,,0,,0,,0,,0,,0,,,,HELEN,0,0,0,0,,13-Sep-21
Main,Goods for Inventory,TEA,NDARUGU - RA,Yes,Yes,BP1,TPP,22908,NT20211157,NONE,,,,0.0000,0.0000,0.00,0.00,40,2468,62,CTCKTD,No,No,Yes,0.00,0.00,0.00,0.00,0.00,0.00,0.00,,0.00,No,No,0,0.00,0.00,0,0.00,,0,,0,,0,,0,,0,,,,HELEN,0,0,0,0,,13-Sep-21
Main,Goods for Inventory,TEA,NDARUGU - RA,Yes,Yes,BP1,TPP,22909,NT21220026,NONE,,,,0.0000,0.0000,0.00,0.00,40,2476,62,CTCKTD,No,No,Yes,0.00,0.00,0.00,0.00,0.00,0.00,0.00,,0.00,No,No,0,0.00,0.00,0,0.00,,0,,0,,0,,0,,0,,,,HELEN,0,0,0,0,,13-Sep-21
Main,Goods for Inventory,TEA,NDARUGU - RA,Yes,Yes,BP1,TPP,22910,NT21220047,NONE,,,,0.0000,0.0000,0.00,0.00,40,2480,62,CTCKTD,No,No,Yes,0.00,0.00,0.00,0.00,0.00,0.00,0.00,,0.00,No,No,0,0.00,0.00,0,0.00,,0,,0,,0,,0,,0,,,,HELEN,0,0,0,0,,13-Sep-21
Main,Goods for Inventory,TEA,NDARUGU - RA,Yes,Yes,PF1,TPP,22911,NT21220030,NONE,,,,0.0000,0.0000,0.00,0.00,40,2720,68,CTCKTD,No,No,Yes,0.00,0.00,0.00,0.00,0.00,0.00,0.00,,0.00,No,No,0,0.00,0.00,0,0.00,,0,,0,,0,,0,,0,,,,HELEN,0,0,0,0,,13-Sep-21
Main,Goods for Inventory,TEA,KIONYO - RA,Yes,Yes,BP1,TPP,22914,KO21220004,NONE,,,,0.0000,0.0000,0.00,0.00,40,2480,62,CTCJMV,No,No,Yes,0.00,0.00,0.00,0.00,0.00,0.00,0.00,,0.00,No,No,0,0.00,0.00,0,0.00,,0,,0,,0,,0,,0,,,,HELEN,0,0,0,0,,13-Sep-21
Main,Goods for Inventory,TEA,KIONYO - RA,Yes,Yes,PF1,TPP,22915,KO21220043,NONE,,,,0.0000,0.0000,0.00,0.00,40,2720,68,CTCKTD,No,No,Yes,0.00,0.00,0.00,0.00,0.00,0.00,0.00,,0.00,No,No,0,0.00,0.00,0,0.00,,0,,0,,0,,0,,0,,,,HELEN,0,0,0,0,,13-Sep-21
Main,Goods for Inventory,TEA,KIONYO - RA,Yes,Yes,PF1,TPP,22916,KO21220047,NONE,,,,0.0000,0.0000,0.00,0.00,40,2720,68,CTCKTD,No,No,Yes,0.00,0.00,0.00,0.00,0.00,0.00,0.00,,0.00,No,No,0,0.00,0.00,0,0.00,,0,,0,,0,,0,,0,,,,HELEN,0,0,0,0,,13-Sep-21
Main,Goods for Inventory,TEA,IMENTI - RA,Yes,Yes,BP1,TPP,22919,IM20212497,NONE,,,,0.0000,0.0000,0.00,0.00,40,2476,62,CTCKTD,No,No,Yes,0.00,0.00,0.00,0.00,0.00,0.00,0.00,,0.00,No,No,0,0.00,0.00,0,0.00,,0,,0,,0,,0,,0,,,,HELEN,0,0,0,0,,13-Sep-21
Main,Goods for Inventory,TEA,IMENTI - RA,Yes,Yes,BP1,TPP,22920,IM20212524,NONE,,,,0.0000,0.0000,0.00,0.00,40,2480,62,CTCKTD,No,No,Yes,0.00,0.00,0.00,0.00,0.00,0.00,0.00,,0.00,No,No,0,0.00,0.00,0,0.00,,0,,0,,0,,0,,0,,,,HELEN,0,0,0,0,,13-Sep-21
Main,Goods for Inventory,TEA,IMENTI - RA,Yes,Yes,PF1,TPP,22921,IM21220097,NONE,,,,0.0000,0.0000,0.00,0.00,40,2720,68,CTCKTD,No,No,Yes,0.00,0.00,0.00,0.00,0.00,0.00,0.00,,0.00,No,No,0,0.00,0.00,0,0.00,,0,,0,,0,,0,,0,,,,HELEN,0,0,0,0,,13-Sep-21
Main,Goods for Inventory,TEA,IMENTI - RA,Yes,Yes,PF1,TPP,22922,IM21220099,NONE,,,,0.0000,0.0000,0.00,0.00,40,2720,68,CTCKTD,No,No,Yes,0.00,0.00,0.00,0.00,0.00,0.00,0.00,,0.00,No,No,0,0.00,0.00,0,0.00,,0,,0,,0,,0,,0,,,,HELEN,0,0,0,0,,13-Sep-21
Main,Goods for Inventory,TEA,IMENTI - RA,Yes,Yes,PF1,TPP,22923,IM21220105,NONE,,,,0.0000,0.0000,0.00,0.00,40,2720,68,CTCKTD,No,No,Yes,0.00,0.00,0.00,0.00,0.00,0.00,0.00,,0.00,No,No,0,0.00,0.00,0,0.00,,0,,0,,0,,0,,0,,,,HELEN,0,0,0,0,,13-Sep-21
Main,Goods for Inventory,TEA,IMENTI - RA,Yes,Yes,PF1,TPP,22924,IM21220111,NONE,,,,0.0000,0.0000,0.00,0.00,40,2720,68,CTCKTD,No,No,Yes,0.00,0.00,0.00,0.00,0.00,0.00,0.00,,0.00,No,No,0,0.00,0.00,0,0.00,,0,,0,,0,,0,,0,,,,HELEN,0,0,0,0,,13-Sep-21
Main,Goods for Inventory,TEA,IMENTI - RA,Yes,Yes,PF1,TPP,22925,IM21220136,NONE,,,,0.0000,0.0000,0.00,0.00,40,2720,68,CTCKTD,No,No,Yes,0.00,0.00,0.00,0.00,0.00,0.00,0.00,,0.00,No,No,0,0.00,0.00,0,0.00,,0,,0,,0,,0,,0,,,,HELEN,0,0,0,0,,13-Sep-21
Main,Goods for Inventory,TEA,MARICH,Yes,No,BP1,TPP,22928,0845/21,NONE,,,,0.0000,0.0000,0.00,0.00,40,2320,58,SGL003,No,No,Yes,0.00,0.00,0.00,0.00,0.00,0.00,0.00,,0.00,No,No,0,0.00,0.00,0,0.00,,0,,0,,0,,0,,0,,,,HELEN,0,0,0,0,,13-Sep-21
Main,Goods for Inventory,TEA,MARICH,Yes,No,BP1,TPP,22929,0854/21,NONE,,,,0.0000,0.0000,0.00,0.00,40,2320,58,SGL003,No,No,Yes,0.00,0.00,0.00,0.00,0.00,0.00,0.00,,0.00,No,No,0,0.00,0.00,0,0.00,,0,,0,,0,,0,,0,,,,HELEN,0,0,0,0,,13-Sep-21
Main,Goods for Inventory,TEA,MARICH,Yes,No,PF1,TPP,22930,0841/21,NONE,,,,0.0000,0.0000,0.00,0.00,40,2720,68,SGL003,No,No,Yes,0.00,0.00,0.00,0.00,0.00,0.00,0.00,,0.00,No,No,0,0.00,0.00,0,0.00,,0,,0,,0,,0,,0,,,,HELEN,0,0,0,0,,13-Sep-21
Main,Goods for Inventory,TEA,MARICH,Yes,No,PF1,TPP,22931,0842/21,NONE,,,,0.0000,0.0000,0.00,0.00,40,2720,68,SGL003,No,No,Yes,0.00,0.00,0.00,0.00,0.00,0.00,0.00,,0.00,No,No,0,0.00,0.00,0,0.00,,0,,0,,0,,0,,0,,,,HELEN,0,0,0,0,,13-Sep-21
Main,Goods for Inventory,TEA,MARICH,Yes,No,PF1,TPP,22932,0843/21,NONE,,,,0.0000,0.0000,0.00,0.00,40,2720,68,SGL003,No,No,Yes,0.00,0.00,0.00,0.00,0.00,0.00,0.00,,0.00,No,No,0,0.00,0.00,0,0.00,,0,,0,,0,,0,,0,,,,HELEN,0,0,0,0,,13-Sep-21
Main,Goods for Inventory,TEA,MARICH,Yes,No,PF1,TPP,22933,0846/21,NONE,,,,0.0000,0.0000,0.00,0.00,40,2720,68,SGL003,No,No,Yes,0.00,0.00,0.00,0.00,0.00,0.00,0.00,,0.00,No,No,0,0.00,0.00,0,0.00,,0,,0,,0,,0,,0,,,,HELEN,0,0,0,0,,13-Sep-21
Main,Goods for Inventory,TEA,MARICH,Yes,No,PF1,TPP,22934,0847/21,NONE,,,,0.0000,0.0000,0.00,0.00,40,2720,68,SGL003,No,No,Yes,0.00,0.00,0.00,0.00,0.00,0.00,0.00,,0.00,No,No,0,0.00,0.00,0,0.00,,0,,0,,0,,0,,0,,,,HELEN,0,0,0,0,,13-Sep-21
Main,Goods for Inventory,TEA,MARICH,Yes,No,PF1,TPP,22935,0850/21,NONE,,,,0.0000,0.0000,0.00,0.00,40,2720,68,SGL003,No,No,Yes,0.00,0.00,0.00,0.00,0.00,0.00,0.00,,0.00,No,No,0,0.00,0.00,0,0.00,,0,,0,,0,,0,,0,,,,HELEN,0,0,0,0,,13-Sep-21
Main,Goods for Inventory,TEA,MARICH,Yes,No,PF1,TPP,22936,0851/21,NONE,,,,0.0000,0.0000,0.00,0.00,40,2720,68,SGL003,No,No,Yes,0.00,0.00,0.00,0.00,0.00,0.00,0.00,,0.00,No,No,0,0.00,0.00,0,0.00,,0,,0,,0,,0,,0,,,,HELEN,0,0,0,0,,13-Sep-21
Main,Goods for Inventory,TEA,MARICH,Yes,No,PF1,TPP,22937,0852/21,NONE,,,,0.0000,0.0000,0.00,0.00,40,2720,68,SGL003,No,No,Yes,0.00,0.00,0.00,0.00,0.00,0.00,0.00,,0.00,No,No,0,0.00,0.00,0,0.00,,0,,0,,0,,0,,0,,,,HELEN,0,0,0,0,,13-Sep-21
Main,Goods for Inventory,TEA,MARICH,Yes,No,PF1,TPP,22938,0853/21,NONE,,,,0.0000,0.0000,0.00,0.00,40,2720,68,SGL003,No,No,Yes,0.00,0.00,0.00,0.00,0.00,0.00,0.00,,0.00,No,No,0,0.00,0.00,0,0.00,,0,,0,,0,,0,,0,,,,HELEN,0,0,0,0,,13-Sep-21
Main,Goods for Inventory,TEA,MARICH,Yes,No,PF1,TPP,22939,0856/21,NONE,,,,0.0000,0.0000,0.00,0.00,40,2720,68,SGL003,No,No,Yes,0.00,0.00,0.00,0.00,0.00,0.00,0.00,,0.00,No,No,0,0.00,0.00,0,0.00,,0,,0,,0,,0,,0,,,,HELEN,0,0,0,0,,13-Sep-21
Main,Goods for Inventory,TEA,MARICH,Yes,No,PF1,TPP,22940,0860/21,NONE,,,,0.0000,0.0000,0.00,0.00,40,2720,68,SGL003,No,No,Yes,0.00,0.00,0.00,0.00,0.00,0.00,0.00,,0.00,No,No,0,0.00,0.00,0,0.00,,0,,0,,0,,0,,0,,,,HELEN,0,0,0,0,,13-Sep-21
Main,Goods for Inventory,TEA,MARICH,Yes,No,PF1,TPP,22941,0861/21,NONE,,,,0.0000,0.0000,0.00,0.00,40,2720,68,SGL003,No,No,Yes,0.00,0.00,0.00,0.00,0.00,0.00,0.00,,0.00,No,No,0,0.00,0.00,0,0.00,,0,,0,,0,,0,,0,,,,HELEN,0,0,0,0,,13-Sep-21
Main,Goods for Inventory,TEA,MARICH,Yes,No,PF1,TPP,22942,0862/21,NONE,,,,0.0000,0.0000,0.00,0.00,40,2720,68,SGL003,No,No,Yes,0.00,0.00,0.00,0.00,0.00,0.00,0.00,,0.00,No,No,0,0.00,0.00,0,0.00,,0,,0,,0,,0,,0,,,,HELEN,0,0,0,0,,13-Sep-21
Main,Goods for Inventory,TEA,MARICH,Yes,No,PF1,TPP,22943,0883/21,NONE,,,,0.0000,0.0000,0.00,0.00,40,2720,68,SGL003,No,No,Yes,0.00,0.00,0.00,0.00,0.00,0.00,0.00,,0.00,No,No,0,0.00,0.00,0,0.00,,0,,0,,0,,0,,0,,,,HELEN,0,0,0,0,,13-Sep-21
Main,Goods for Inventory,TEA,SIARRA - RA,Yes,Yes,BP1,TPP,22954,1150/2021,NONE,,,,0.0000,0.0000,0.00,0.00,40,2472,62,UWL420,No,No,Yes,0.00,0.00,0.00,0.00,0.00,0.00,0.00,,0.00,No,No,0,0.00,0.00,0,0.00,,0,,0,,0,,0,,0,,,,HELEN,0,0,0,0,,13-Sep-21
Main,Goods for Inventory,TEA,SIARRA - RA,Yes,Yes,BP1,TPP,22955,1251/2021,NONE,,,,0.0000,0.0000,0.00,0.00,40,2480,62,UWL420,No,No,Yes,0.00,0.00,0.00,0.00,0.00,0.00,0.00,,0.00,No,No,0,0.00,0.00,0,0.00,,0,,0,,0,,0,,0,,,,HELEN,0,0,0,0,,13-Sep-21
Main,Goods for Inventory,TEA,SIARRA - RA,Yes,Yes,PF1,TPP,22956,1250/2021,NONE,,,,0.0000,0.0000,0.00,0.00,40,2720,68,UWL420,No,No,Yes,0.00,0.00,0.00,0.00,0.00,0.00,0.00,,0.00,No,No,0,0.00,0.00,0,0.00,,0,,0,,0,,0,,0,,,,HELEN,0,0,0,0,,13-Sep-21
Main,Goods for Inventory,TEA,KIGEZI HIGHLAND,No,No,BP1,TPP,22963,407,NONE,,,,0.0000,0.0000,0.00,0.00,40,2520,63,UWL420,No,No,Yes,0.00,0.00,0.00,0.00,0.00,0.00,0.00,,0.00,No,No,0,0.00,0.00,0,0.00,,0,,0,,0,,0,,0,,,,HELEN,0,0,0,0,,13-Sep-21
Main,Goods for Inventory,TEA,KIGEZI HIGHLAND,No,No,PF1,TPP,22964,363,NONE,,,,0.0000,0.0000,0.00,0.00,40,2596,65,UWL420,No,No,Yes,0.00,0.00,0.00,0.00,0.00,0.00,0.00,,0.00,No,No,0,0.00,0.00,0,0.00,,0,,0,,0,,0,,0,,,,HELEN,0,0,0,0,,13-Sep-21
Main,Goods for Inventory,TEA,KIGEZI HIGHLAND,No,No,PF1,TPP,22965,409,NONE,,,,0.0000,0.0000,0.00,0.00,40,2600,65,UWL420,No,No,Yes,0.00,0.00,0.00,0.00,0.00,0.00,0.00,,0.00,No,No,0,0.00,0.00,0,0.00,,0,,0,,0,,0,,0,,,,HELEN,0,0,0,0,,13-Sep-21
Main,Goods for Inventory,TEA,MOMUL - RA,Yes,Yes,BP1,TPP,22968,ML21220030,NONE,,,,0.0000,0.0000,0.00,0.00,40,2480,62,CTCMTI,No,No,Yes,0.00,0.00,0.00,0.00,0.00,0.00,0.00,,0.00,No,No,0,0.00,0.00,0,0.00,,0,,0,,0,,0,,0,,,,HELEN,0,0,0,0,,13-Sep-21
Main,Goods for Inventory,TEA,MOMUL - RA,Yes,Yes,PF1,TPP,22969,ML21220087,NONE,,,,0.0000,0.0000,0.00,0.00,40,2720,68,CTCMTI,No,No,Yes,0.00,0.00,0.00,0.00,0.00,0.00,0.00,,0.00,No,No,0,0.00,0.00,0,0.00,,0,,0,,0,,0,,0,,,,HELEN,0,0,0,0,,13-Sep-21
Main,Goods for Inventory,TEA,MOMUL - RA,Yes,Yes,PF1,TPP,22970,ML21220090,NONE,,,,0.0000,0.0000,0.00,0.00,40,2720,68,CTCMTI,No,No,Yes,0.00,0.00,0.00,0.00,0.00,0.00,0.00,,0.00,No,No,0,0.00,0.00,0,0.00,,0,,0,,0,,0,,0,,,,HELEN,0,0,0,0,,13-Sep-21
Main,Goods for Inventory,TEA,MOMUL - RA,Yes,Yes,PF1,TPP,22971,ML21220097,NONE,,,,0.0000,0.0000,0.00,0.00,40,2720,68,CTCMTI,No,No,Yes,0.00,0.00,0.00,0.00,0.00,0.00,0.00,,0.00,No,No,0,0.00,0.00,0,0.00,,0,,0,,0,,0,,0,,,,HELEN,0,0,0,0,,13-Sep-21
Main,Goods for Inventory,TEA,MOMUL - RA,Yes,Yes,PF1,TPP,22972,ML21220099,NONE,,,,0.0000,0.0000,0.00,0.00,40,2720,68,CTCMTI,No,No,Yes,0.00,0.00,0.00,0.00,0.00,0.00,0.00,,0.00,No,No,0,0.00,0.00,0,0.00,,0,,0,,0,,0,,0,,,,HELEN,0,0,0,0,,13-Sep-21
Main,Goods for Inventory,TEA,TEGAT - RA,Yes,Yes,BP1,TPP,22977,TG20211644,NONE,,,,0.0000,0.0000,0.00,0.00,40,2472,62,CTCMRD,No,No,Yes,0.00,0.00,0.00,0.00,0.00,0.00,0.00,,0.00,No,No,0,0.00,0.00,0,0.00,,0,,0,,0,,0,,0,,,,HELEN,0,0,0,0,,13-Sep-21
Main,Goods for Inventory,TEA,TEGAT - RA,Yes,Yes,BP1,TPP,22978,TG21220025,NONE,,,,0.0000,0.0000,0.00,0.00,40,2480,62,CTCMRD,No,No,Yes,0.00,0.00,0.00,0.00,0.00,0.00,0.00,,0.00,No,No,0,0.00,0.00,0,0.00,,0,,0,,0,,0,,0,,,,HELEN,0,0,0,0,,13-Sep-21
Main,Goods for Inventory,TEA,TEGAT - RA,Yes,Yes,PF1,TPP,22979,TG21220078,NONE,,,,0.0000,0.0000,0.00,0.00,40,2720,68,CTCMRD,No,No,Yes,0.00,0.00,0.00,0.00,0.00,0.00,0.00,,0.00,No,No,0,0.00,0.00,0,0.00,,0,,0,,0,,0,,0,,,,HELEN,0,0,0,0,,13-Sep-21
Main,Goods for Inventory,TEA,TEGAT - RA,Yes,Yes,PF1,TPP,22980,TG21220081,NONE,,,,0.0000,0.0000,0.00,0.00,40,2720,68,CTCMRD,No,No,Yes,0.00,0.00,0.00,0.00,0.00,0.00,0.00,,0.00,No,No,0,0.00,0.00,0,0.00,,0,,0,,0,,0,,0,,,,HELEN,0,0,0,0,,13-Sep-21
Main,Goods for Inventory,TEA,TEGAT - RA,Yes,Yes,PF1,TPP,22981,TG21220085,NONE,,,,0.0000,0.0000,0.00,0.00,40,2720,68,CTCMRD,No,No,Yes,0.00,0.00,0.00,0.00,0.00,0.00,0.00,,0.00,No,No,0,0.00,0.00,0,0.00,,0,,0,,0,,0,,0,,,,HELEN,0,0,0,0,,13-Sep-21
Main,Goods for Inventory,TEA,TEGAT - RA,Yes,Yes,PF1,TPP,22982,TG21220090,NONE,,,,0.0000,0.0000,0.00,0.00,40,2720,68,CTCMRD,No,No,Yes,0.00,0.00,0.00,0.00,0.00,0.00,0.00,,0.00,No,No,0,0.00,0.00,0,0.00,,0,,0,,0,,0,,0,,,,HELEN,0,0,0,0,,13-Sep-21
Main,Goods for Inventory,TEA,SANGANYI - RA,Yes,Yes,BP1,TPP,22989,SA20211604,NONE,,,,0.0000,0.0000,0.00,0.00,40,2468,62,CTCMRD,No,No,Yes,0.00,0.00,0.00,0.00,0.00,0.00,0.00,,0.00,No,No,0,0.00,0.00,0,0.00,,0,,0,,0,,0,,0,,,,HELEN,0,0,0,0,,13-Sep-21
Main,Goods for Inventory,TEA,SANGANYI - RA,Yes,Yes,BP1,TPP,22990,SA20211628,NONE,,,,0.0000,0.0000,0.00,0.00,40,2472,62,CTCMRD,No,No,Yes,0.00,0.00,0.00,0.00,0.00,0.00,0.00,,0.00,No,No,0,0.00,0.00,0,0.00,,0,,0,,0,,0,,0,,,,HELEN,0,0,0,0,,13-Sep-21
Main,Goods for Inventory,TEA,SANGANYI - RA,Yes,Yes,BP1,TPP,22991,SA20211646,NONE,,,,0.0000,0.0000,0.00,0.00,40,2472,62,CTCMRD,No,No,Yes,0.00,0.00,0.00,0.00,0.00,0.00,0.00,,0.00,No,No,0,0.00,0.00,0,0.00,,0,,0,,0,,0,,0,,,,HELEN,0,0,0,0,,13-Sep-21
Main,Goods for Inventory,TEA,SANGANYI - RA,Yes,Yes,BP1,TPP,22992,SA21220027,NONE,,,,0.0000,0.0000,0.00,0.00,40,2480,62,CTCMRD,No,No,Yes,0.00,0.00,0.00,0.00,0.00,0.00,0.00,,0.00,No,No,0,0.00,0.00,0,0.00,,0,,0,,0,,0,,0,,,,HELEN,0,0,0,0,,13-Sep-21
Main,Goods for Inventory,TEA,SANGANYI - RA,Yes,Yes,PF1,TPP,22993,SA21220074,NONE,,,,0.0000,0.0000,0.00,0.00,40,2720,68,CTCMRD,No,No,Yes,0.00,0.00,0.00,0.00,0.00,0.00,0.00,,0.00,No,No,0,0.00,0.00,0,0.00,,0,,0,,0,,0,,0,,,,HELEN,0,0,0,0,,13-Sep-21
Main,Goods for Inventory,TEA,SANGANYI - RA,Yes,Yes,PF1,TPP,22994,SA21220077,NONE,,,,0.0000,0.0000,0.00,0.00,40,2720,68,CTCMRD,No,No,Yes,0.00,0.00,0.00,0.00,0.00,0.00,0.00,,0.00,No,No,0,0.00,0.00,0,0.00,,0,,0,,0,,0,,0,,,,HELEN,0,0,0,0,,13-Sep-21
Main,Goods for Inventory,TEA,SANGANYI - RA,Yes,Yes,PF1,TPP,22995,SA21220081,NONE,,,,0.0000,0.0000,0.00,0.00,40,2720,68,CTCMRD,No,No,Yes,0.00,0.00,0.00,0.00,0.00,0.00,0.00,,0.00,No,No,0,0.00,0.00,0,0.00,,0,,0,,0,,0,,0,,,,HELEN,0,0,0,0,,13-Sep-21
Main,Goods for Inventory,TEA,MUDETE - RA,Yes,Yes,BP1,TPP,22999,MD20211054,NONE,,,,0.0000,0.0000,0.00,0.00,40,2468,62,CTCJM2,No,No,Yes,0.00,0.00,0.00,0.00,0.00,0.00,0.00,,0.00,No,No,0,0.00,0.00,0,0.00,,0,,0,,0,,0,,0,,,,HELEN,0,0,0,0,,13-Sep-21
Main,Goods for Inventory,TEA,MUDETE - RA,Yes,Yes,BP1,TPP,21000,MD20211062,NONE,,,,0.0000,0.0000,0.00,0.00,40,2468,62,CTCJM2,No,No,Yes,0.00,0.00,0.00,0.00,0.00,0.00,0.00,,0.00,No,No,0,0.00,0.00,0,0.00,,0,,0,,0,,0,,0,,,,HELEN,0,0,0,0,,13-Sep-21
Main,Goods for Inventory,TEA,MUDETE - RA,Yes,Yes,BP1,TPP,21001,MD20211079,NONE,,,,0.0000,0.0000,0.00,0.00,40,2472,62,CTCJM2,No,No,Yes,0.00,0.00,0.00,0.00,0.00,0.00,0.00,,0.00,No,No,0,0.00,0.00,0,0.00,,0,,0,,0,,0,,0,,,,HELEN,0,0,0,0,,13-Sep-21
Main,Goods for Inventory,TEA,MUDETE - RA,Yes,Yes,BP1,TPP,21002,MD20211125,NONE,,,,0.0000,0.0000,0.00,0.00,40,2480,62,CTCJM2,No,No,Yes,0.00,0.00,0.00,0.00,0.00,0.00,0.00,,0.00,No,No,0,0.00,0.00,0,0.00,,0,,0,,0,,0,,0,,,,HELEN,0,0,0,0,,13-Sep-21
Main,Goods for Inventory,TEA,MUDETE - RA,Yes,Yes,PF1,TPP,21003,MD20211114,NONE,,,,0.0000,0.0000,0.00,0.00,40,2712,68,CTCJM2,No,No,Yes,0.00,0.00,0.00,0.00,0.00,0.00,0.00,,0.00,No,No,0,0.00,0.00,0,0.00,,0,,0,,0,,0,,0,,,,HELEN,0,0,0,0,,13-Sep-21
Main,Goods for Inventory,TEA,MUDETE - RA,Yes,Yes,PF1,TPP,21004,MD21220034,NONE,,,,0.0000,0.0000,0.00,0.00,40,2720,68,CTCJM2,No,No,Yes,0.00,0.00,0.00,0.00,0.00,0.00,0.00,,0.00,No,No,0,0.00,0.00,0,0.00,,0,,0,,0,,0,,0,,,,HELEN,0,0,0,0,,13-Sep-21
Main,Goods for Inventory,TEA,MUDETE - RA,Yes,Yes,PF1,TPP,21005,MD21220044,NONE,,,,0.0000,0.0000,0.00,0.00,40,2720,68,CTCJM2,No,No,Yes,0.00,0.00,0.00,0.00,0.00,0.00,0.00,,0.00,No,No,0,0.00,0.00,0,0.00,,0,,0,,0,,0,,0,,,,HELEN,0,0,0,0,,13-Sep-21
Main,Goods for Inventory,TEA,MUDETE - RA,Yes,Yes,PF1,TPP,21006,MD21220055,NONE,,,,0.0000,0.0000,0.00,0.00,40,2720,68,CTCJM2,No,No,Yes,0.00,0.00,0.00,0.00,0.00,0.00,0.00,,0.00,No,No,0,0.00,0.00,0,0.00,,0,,0,,0,,0,,0,,,,HELEN,0,0,0,0,,13-Sep-21
Main,Goods for Inventory,TEA,KAPKO - RA,Yes,Yes,BP1,TPP,21012,KP20212537,NONE,,,,0.0000,0.0000,0.00,0.00,40,2472,62,CTCMRD,No,No,Yes,0.00,0.00,0.00,0.00,0.00,0.00,0.00,,0.00,No,No,0,0.00,0.00,0,0.00,,0,,0,,0,,0,,0,,,,HELEN,0,0,0,0,,13-Sep-21
Main,Goods for Inventory,TEA,KAPKO - RA,Yes,Yes,BP1,TPP,21013,KP20212581,NONE,,,,0.0000,0.0000,0.00,0.00,40,2476,62,CTCMRD,No,No,Yes,0.00,0.00,0.00,0.00,0.00,0.00,0.00,,0.00,No,No,0,0.00,0.00,0,0.00,,0,,0,,0,,0,,0,,,,HELEN,0,0,0,0,,13-Sep-21
Main,Goods for Inventory,TEA,KAPKO - RA,Yes,Yes,BP1,TPP,21014,KP20212602,NONE,,,,0.0000,0.0000,0.00,0.00,40,2480,62,CTCMRD,No,No,Yes,0.00,0.00,0.00,0.00,0.00,0.00,0.00,,0.00,No,No,0,0.00,0.00,0,0.00,,0,,0,,0,,0,,0,,,,HELEN,0,0,0,0,,13-Sep-21
Main,Goods for Inventory,TEA,KAPKO - RA,Yes,Yes,BP1,TPP,21015,KP20212617,NONE,,,,0.0000,0.0000,0.00,0.00,40,2480,62,CTCMRD,No,No,Yes,0.00,0.00,0.00,0.00,0.00,0.00,0.00,,0.00,No,No,0,0.00,0.00,0,0.00,,0,,0,,0,,0,,0,,,,HELEN,0,0,0,0,,13-Sep-21
Main,Goods for Inventory,TEA,KAPKO - RA,Yes,Yes,BP1,TPP,21016,KP20212635,NONE,,,,0.0000,0.0000,0.00,0.00,40,2480,62,CTCMRD,No,No,Yes,0.00,0.00,0.00,0.00,0.00,0.00,0.00,,0.00,No,No,0,0.00,0.00,0,0.00,,0,,0,,0,,0,,0,,,,HELEN,0,0,0,0,,13-Sep-21
Main,Goods for Inventory,TEA,KAPKO - RA,Yes,Yes,BP1,TPP,21017,KP20212658,NONE,,,,0.0000,0.0000,0.00,0.00,40,2480,62,CTCMRD,No,No,Yes,0.00,0.00,0.00,0.00,0.00,0.00,0.00,,0.00,No,No,0,0.00,0.00,0,0.00,,0,,0,,0,,0,,0,,,,HELEN,0,0,0,0,,13-Sep-21
Main,Goods for Inventory,TEA,KAPKO - RA,Yes,Yes,PF1,TPP,21018,KP20212542,NONE,,,,0.0000,0.0000,0.00,0.00,40,2712,68,CTCMRD,No,No,Yes,0.00,0.00,0.00,0.00,0.00,0.00,0.00,,0.00,No,No,0,0.00,0.00,0,0.00,,0,,0,,0,,0,,0,,,,HELEN,0,0,0,0,,13-Sep-21
Main,Goods for Inventory,TEA,KAPKO - RA,Yes,Yes,PF1,TPP,21019,KP20212555,NONE,,,,0.0000,0.0000,0.00,0.00,40,2712,68,CTCMRD,No,No,Yes,0.00,0.00,0.00,0.00,0.00,0.00,0.00,,0.00,No,No,0,0.00,0.00,0,0.00,,0,,0,,0,,0,,0,,,,HELEN,0,0,0,0,,13-Sep-21
Main,Goods for Inventory,TEA,KAPKO - RA,Yes,Yes,PF1,TPP,21020,KP20212562,NONE,,,,0.0000,0.0000,0.00,0.00,40,2712,68,CTCMRD,No,No,Yes,0.00,0.00,0.00,0.00,0.00,0.00,0.00,,0.00,No,No,0,0.00,0.00,0,0.00,,0,,0,,0,,0,,0,,,,HELEN,0,0,0,0,,13-Sep-21
Main,Goods for Inventory,TEA,KAPKO - RA,Yes,Yes,PF1,TPP,21021,KP21220055,NONE,,,,0.0000,0.0000,0.00,0.00,40,2720,68,CTCMRD,No,No,Yes,0.00,0.00,0.00,0.00,0.00,0.00,0.00,,0.00,No,No,0,0.00,0.00,0,0.00,,0,,0,,0,,0,,0,,,,HELEN,0,0,0,0,,13-Sep-21
Main,Goods for Inventory,TEA,KAPKO - RA,Yes,Yes,PF1,TPP,21022,KP21220061,NONE,,,,0.0000,0.0000,0.00,0.00,40,2720,68,CTCMRD,No,No,Yes,0.00,0.00,0.00,0.00,0.00,0.00,0.00,,0.00,No,No,0,0.00,0.00,0,0.00,,0,,0,,0,,0,,0,,,,HELEN,0,0,0,0,,13-Sep-21
Main,Goods for Inventory,TEA,KAPKO - RA,Yes,Yes,PF1,TPP,21023,KP21220063,NONE,,,,0.0000,0.0000,0.00,0.00,40,2720,68,CTCMRD,No,No,Yes,0.00,0.00,0.00,0.00,0.00,0.00,0.00,,0.00,No,No,0,0.00,0.00,0,0.00,,0,,0,,0,,0,,0,,,,HELEN,0,0,0,0,,13-Sep-21
Main,Goods for Inventory,TEA,KAPKO - RA,Yes,Yes,PF1,TPP,21024,KP21220069,NONE,,,,0.0000,0.0000,0.00,0.00,40,2720,68,CTCMRD,No,No,Yes,0.00,0.00,0.00,0.00,0.00,0.00,0.00,,0.00,No,No,0,0.00,0.00,0,0.00,,0,,0,,0,,0,,0,,,,HELEN,0,0,0,0,,13-Sep-21
Main,Goods for Inventory,TEA,ROROK - RA,Yes,Yes,BP1,TPP,21030,RR20211894,NONE,,,,0.0000,0.0000,0.00,0.00,40,2468,62,CTCMRD,No,No,Yes,0.00,0.00,0.00,0.00,0.00,0.00,0.00,,0.00,No,No,0,0.00,0.00,0,0.00,,0,,0,,0,,0,,0,,,,HELEN,0,0,0,0,,13-Sep-21
Main,Goods for Inventory,TEA,ROROK - RA,Yes,Yes,BP1,TPP,21031,RR20211902,NONE,,,,0.0000,0.0000,0.00,0.00,40,2468,62,CTCMRD,No,No,Yes,0.00,0.00,0.00,0.00,0.00,0.00,0.00,,0.00,No,No,0,0.00,0.00,0,0.00,,0,,0,,0,,0,,0,,,,HELEN,0,0,0,0,,13-Sep-21
Main,Goods for Inventory,TEA,ROROK - RA,Yes,Yes,BP1,TPP,21032,RR20211912,NONE,,,,0.0000,0.0000,0.00,0.00,40,2468,62,CTCMRD,No,No,Yes,0.00,0.00,0.00,0.00,0.00,0.00,0.00,,0.00,No,No,0,0.00,0.00,0,0.00,,0,,0,,0,,0,,0,,,,HELEN,0,0,0,0,,13-Sep-21
Main,Goods for Inventory,TEA,ROROK - RA,Yes,Yes,BP1,TPP,21033,RR20211913,NONE,,,,0.0000,0.0000,0.00,0.00,40,2472,62,CTCMRD,No,No,Yes,0.00,0.00,0.00,0.00,0.00,0.00,0.00,,0.00,No,No,0,0.00,0.00,0,0.00,,0,,0,,0,,0,,0,,,,HELEN,0,0,0,0,,13-Sep-21
Main,Goods for Inventory,TEA,ROROK - RA,Yes,Yes,BP1,TPP,21034,RR20211925,NONE,,,,0.0000,0.0000,0.00,0.00,40,2472,62,CTCMRD,No,No,Yes,0.00,0.00,0.00,0.00,0.00,0.00,0.00,,0.00,No,No,0,0.00,0.00,0,0.00,,0,,0,,0,,0,,0,,,,HELEN,0,0,0,0,,13-Sep-21
Main,Goods for Inventory,TEA,ROROK - RA,Yes,Yes,BP1,TPP,21035,RR21220006,NONE,,,,0.0000,0.0000,0.00,0.00,40,2480,62,CTCMRD,No,No,Yes,0.00,0.00,0.00,0.00,0.00,0.00,0.00,,0.00,No,No,0,0.00,0.00,0,0.00,,0,,0,,0,,0,,0,,,,HELEN,0,0,0,0,,13-Sep-21
Main,Goods for Inventory,TEA,ROROK - RA,Yes,Yes,PF1,TPP,21036,RR20211948,NONE,,,,0.0000,0.0000,0.00,0.00,40,2712,68,CTCMRD,No,No,Yes,0.00,0.00,0.00,0.00,0.00,0.00,0.00,,0.00,No,No,0,0.00,0.00,0,0.00,,0,,0,,0,,0,,0,,,,HELEN,0,0,0,0,,13-Sep-21
Main,Goods for Inventory,TEA,ROROK - RA,Yes,Yes,PF1,TPP,21037,RR20211955,NONE,,,,0.0000,0.0000,0.00,0.00,40,2712,68,CTCMRD,No,No,Yes,0.00,0.00,0.00,0.00,0.00,0.00,0.00,,0.00,No,No,0,0.00,0.00,0,0.00,,0,,0,,0,,0,,0,,,,HELEN,0,0,0,0,,13-Sep-21
Main,Goods for Inventory,TEA,ROROK - RA,Yes,Yes,PF1,TPP,21038,RR20211957,NONE,,,,0.0000,0.0000,0.00,0.00,40,2712,68,CTCMRD,No,No,Yes,0.00,0.00,0.00,0.00,0.00,0.00,0.00,,0.00,No,No,0,0.00,0.00,0,0.00,,0,,0,,0,,0,,0,,,,HELEN,0,0,0,0,,13-Sep-21
Main,Goods for Inventory,TEA,ROROK - RA,Yes,Yes,PF1,TPP,21039,RR20211959,NONE,,,,0.0000,0.0000,0.00,0.00,40,2712,68,CTCMRD,No,No,Yes,0.00,0.00,0.00,0.00,0.00,0.00,0.00,,0.00,No,No,0,0.00,0.00,0,0.00,,0,,0,,0,,0,,0,,,,HELEN,0,0,0,0,,13-Sep-21
Main,Goods for Inventory,TEA,ROROK - RA,Yes,Yes,PF1,TPP,21040,RR20211961,NONE,,,,0.0000,0.0000,0.00,0.00,40,2712,68,CTCMRD,No,No,Yes,0.00,0.00,0.00,0.00,0.00,0.00,0.00,,0.00,No,No,0,0.00,0.00,0,0.00,,0,,0,,0,,0,,0,,,,HELEN,0,0,0,0,,13-Sep-21
Main,Goods for Inventory,TEA,ROROK - RA,Yes,Yes,PF1,TPP,21041,RR20212004,NONE,,,,0.0000,0.0000,0.00,0.00,40,2712,68,CTCMRD,No,No,Yes,0.00,0.00,0.00,0.00,0.00,0.00,0.00,,0.00,No,No,0,0.00,0.00,0,0.00,,0,,0,,0,,0,,0,,,,HELEN,0,0,0,0,,13-Sep-21
Main,Goods for Inventory,TEA,ROROK - RA,Yes,Yes,PF1,TPP,21042,RR21220007,NONE,,,,0.0000,0.0000,0.00,0.00,40,2716,68,CTCMRD,No,No,Yes,0.00,0.00,0.00,0.00,0.00,0.00,0.00,,0.00,No,No,0,0.00,0.00,0,0.00,,0,,0,,0,,0,,0,,,,HELEN,0,0,0,0,,13-Sep-21
Main,Goods for Inventory,TEA,ROROK - RA,Yes,Yes,PF1,TPP,21043,RR21220012,NONE,,,,0.0000,0.0000,0.00,0.00,40,2716,68,CTCMRD,No,No,Yes,0.00,0.00,0.00,0.00,0.00,0.00,0.00,,0.00,No,No,0,0.00,0.00,0,0.00,,0,,0,,0,,0,,0,,,,HELEN,0,0,0,0,,13-Sep-21
Main,Goods for Inventory,TEA,ROROK - RA,Yes,Yes,PF1,TPP,21044,RR21220014,NONE,,,,0.0000,0.0000,0.00,0.00,40,2716,68,CTCMRD,No,No,Yes,0.00,0.00,0.00,0.00,0.00,0.00,0.00,,0.00,No,No,0,0.00,0.00,0,0.00,,0,,0,,0,,0,,0,,,,HELEN,0,0,0,0,,13-Sep-21
Main,Goods for Inventory,TEA,ROROK - RA,Yes,Yes,PF1,TPP,21045,RR21220019,NONE,,,,0.0000,0.0000,0.00,0.00,40,2716,68,CTCMRD,No,No,Yes,0.00,0.00,0.00,0.00,0.00,0.00,0.00,,0.00,No,No,0,0.00,0.00,0,0.00,,0,,0,,0,,0,,0,,,,HELEN,0,0,0,0,,13-Sep-21
Main,Goods for Inventory,TEA,ROROK - RA,Yes,Yes,PF1,TPP,21046,RR21220072,NONE,,,,0.0000,0.0000,0.00,0.00,40,2720,68,CTCMRD,No,No,Yes,0.00,0.00,0.00,0.00,0.00,0.00,0.00,,0.00,No,No,0,0.00,0.00,0,0.00,,0,,0,,0,,0,,0,,,,HELEN,0,0,0,0,,13-Sep-21
Main,Goods for Inventory,TEA,ROROK - RA,Yes,Yes,PF1,TPP,21047,RR21220076,NONE,,,,0.0000,0.0000,0.00,0.00,40,2720,68,CTCMRD,No,No,Yes,0.00,0.00,0.00,0.00,0.00,0.00,0.00,,0.00,No,No,0,0.00,0.00,0,0.00,,0,,0,,0,,0,,0,,,,HELEN,0,0,0,0,,13-Sep-21
Main,Goods for Inventory,TEA,ROROK - RA,Yes,Yes,PF1,TPP,21048,RR21220084,NONE,,,,0.0000,0.0000,0.00,0.00,40,2720,68,CTCMRD,No,No,Yes,0.00,0.00,0.00,0.00,0.00,0.00,0.00,,0.00,No,No,0,0.00,0.00,0,0.00,,0,,0,,0,,0,,0,,,,HELEN,0,0,0,0,,13-Sep-21
Main,Goods for Inventory,TEA,ROROK - RA,Yes,Yes,PF1,TPP,21049,RR21220086,NONE,,,,0.0000,0.0000,0.00,0.00,40,2720,68,CTCMRD,No,No,Yes,0.00,0.00,0.00,0.00,0.00,0.00,0.00,,0.00,No,No,0,0.00,0.00,0,0.00,,0,,0,,0,,0,,0,,,,HELEN,0,0,0,0,,13-Sep-21
Main,Goods for Inventory,TEA,MUNUNGA - RA,Yes,Yes,PD,TPP,22842,NU21220088,NONE,,,,0.0000,0.0000,0.00,0.00,40,3000,75,CTCKTD,No,No,Yes,0.00,0.00,0.00,0.00,0.00,0.00,0.00,,0.00,No,No,0,0.00,0.00,0,0.00,,0,,0,,0,,0,,0,,,,HELEN,0,0,0,0,,13-Sep-21
Main,Goods for Inventory,TEA,MUNUNGA - RA,Yes,Yes,DUST1,TPP,22843,NU21220118,NONE,,,,0.0000,0.0000,0.00,0.00,40,3160,79,CTCKTD,No,No,Yes,0.00,0.00,0.00,0.00,0.00,0.00,0.00,,0.00,No,No,0,0.00,0.00,0,0.00,,0,,0,,0,,0,,0,,,,HELEN,0,0,0,0,,13-Sep-21
Main,Goods for Inventory,TEA,GITHAMBO - RA,Yes,Yes,PD,TPP,22850,GB21220111,NONE,,,,0.0000,0.0000,0.00,0.00,40,3000,75,CTCKTD,No,No,Yes,0.00,0.00,0.00,0.00,0.00,0.00,0.00,,0.00,No,No,0,0.00,0.00,0,0.00,,0,,0,,0,,0,,0,,,,HELEN,0,0,0,0,,13-Sep-21
Main,Goods for Inventory,TEA,GITHAMBO - RA,Yes,Yes,PD,TPP,22851,GB21220141,NONE,,,,0.0000,0.0000,0.00,0.00,40,3000,75,CTCKTD,No,No,Yes,0.00,0.00,0.00,0.00,0.00,0.00,0.00,,0.00,No,No,0,0.00,0.00,0,0.00,,0,,0,,0,,0,,0,,,,HELEN,0,0,0,0,,13-Sep-21
Main,Goods for Inventory,TEA,IRIAINI - RA,Yes,Yes,PD,TPP,22855,IR21220136,NONE,,,,0.0000,0.0000,0.00,0.00,40,3000,75,CTCKTD,No,No,Yes,0.00,0.00,0.00,0.00,0.00,0.00,0.00,,0.00,No,No,0,0.00,0.00,0,0.00,,0,,0,,0,,0,,0,,,,HELEN,0,0,0,0,,13-Sep-21
Main,Goods for Inventory,TEA,KANYENYA - RA,Yes,Yes,PD,TPP,22859,KY21220072,NONE,,,,0.0000,0.0000,0.00,0.00,40,3000,75,CTCMRD,No,No,Yes,0.00,0.00,0.00,0.00,0.00,0.00,0.00,,0.00,No,No,0,0.00,0.00,0,0.00,,0,,0,,0,,0,,0,,,,HELEN,0,0,0,0,,13-Sep-21
Main,Goods for Inventory,TEA,KANYENYA - RA,Yes,Yes,DUST1,TPP,22860,KY20211706,NONE,,,,0.0000,0.0000,0.00,0.00,40,3152,79,CTCMRD,No,No,Yes,0.00,0.00,0.00,0.00,0.00,0.00,0.00,,0.00,No,No,0,0.00,0.00,0,0.00,,0,,0,,0,,0,,0,,,,HELEN,0,0,0,0,,13-Sep-21
Main,Goods for Inventory,TEA,KANYENYA - RA,Yes,Yes,DUST1,TPP,22861,KY21220064,NONE,,,,0.0000,0.0000,0.00,0.00,40,3156,79,CTCMRD,No,No,Yes,0.00,0.00,0.00,0.00,0.00,0.00,0.00,,0.00,No,No,0,0.00,0.00,0,0.00,,0,,0,,0,,0,,0,,,,HELEN,0,0,0,0,,13-Sep-21
Main,Goods for Inventory,TEA,KANYENYA - RA,Yes,Yes,DUST1,TPP,22862,KY21220123,NONE,,,,0.0000,0.0000,0.00,0.00,40,3160,79,CTCMRD,No,No,Yes,0.00,0.00,0.00,0.00,0.00,0.00,0.00,,0.00,No,No,0,0.00,0.00,0,0.00,,0,,0,,0,,0,,0,,,,HELEN,0,0,0,0,,13-Sep-21
Main,Goods for Inventory,TEA,GATHUTHI - RA,Yes,Yes,PD,TPP,22866,GH21220124,NONE,,,,0.0000,0.0000,0.00,0.00,40,3000,75,CTCJM2,No,No,Yes,0.00,0.00,0.00,0.00,0.00,0.00,0.00,,0.00,No,No,0,0.00,0.00,0,0.00,,0,,0,,0,,0,,0,,,,HELEN,0,0,0,0,,13-Sep-21
Main,Goods for Inventory,TEA,GATHUTHI - RA,Yes,Yes,DUST1,TPP,22867,GH21220109,NONE,,,,0.0000,0.0000,0.00,0.00,40,3160,79,CTCJM2,No,No,Yes,0.00,0.00,0.00,0.00,0.00,0.00,0.00,,0.00,No,No,0,0.00,0.00,0,0.00,,0,,0,,0,,0,,0,,,,HELEN,0,0,0,0,,13-Sep-21
Main,Goods for Inventory,TEA,MATAARA - RA,Yes,Yes,PD,TPP,22874,MT21220069,NONE,,,,0.0000,0.0000,0.00,0.00,40,3000,75,CTCJM2,No,No,Yes,0.00,0.00,0.00,0.00,0.00,0.00,0.00,,0.00,No,No,0,0.00,0.00,0,0.00,,0,,0,,0,,0,,0,,,,HELEN,0,0,0,0,,13-Sep-21
Main,Goods for Inventory,TEA,MATAARA - RA,Yes,Yes,DUST1,TPP,22875,MT21220100,NONE,,,,0.0000,0.0000,0.00,0.00,40,3160,79,CTCJM2,No,No,Yes,0.00,0.00,0.00,0.00,0.00,0.00,0.00,,0.00,No,No,0,0.00,0.00,0,0.00,,0,,0,,0,,0,,0,,,,HELEN,0,0,0,0,,13-Sep-21
Main,Goods for Inventory,TEA,KAMBAA - RA,Yes,Yes,PD,TPP,22881,KA21220050,NONE,,,,0.0000,0.0000,0.00,0.00,40,3000,75,CTCKTD,No,No,Yes,0.00,0.00,0.00,0.00,0.00,0.00,0.00,,0.00,No,No,0,0.00,0.00,0,0.00,,0,,0,,0,,0,,0,,,,HELEN,0,0,0,0,,13-Sep-21
Main,Goods for Inventory,TEA,KAMBAA - RA,Yes,Yes,PD,TPP,22882,KA21220072,NONE,,,,0.0000,0.0000,0.00,0.00,40,3000,75,CTCKTD,No,No,Yes,0.00,0.00,0.00,0.00,0.00,0.00,0.00,,0.00,No,No,0,0.00,0.00,0,0.00,,0,,0,,0,,0,,0,,,,HELEN,0,0,0,0,,13-Sep-21
Main,Goods for Inventory,TEA,GACHEGE - RA,Yes,Yes,PD,TPP,22886,GC21220033,NONE,,,,0.0000,0.0000,0.00,0.00,40,3000,75,CTCKTD,No,No,Yes,0.00,0.00,0.00,0.00,0.00,0.00,0.00,,0.00,No,No,0,0.00,0.00,0,0.00,,0,,0,,0,,0,,0,,,,HELEN,0,0,0,0,,13-Sep-21
Main,Goods for Inventory,TEA,THETA - RA,Yes,Yes,PD,TPP,22891,TH21220054,NONE,,,,0.0000,0.0000,0.00,0.00,40,3000,75,CTCJM2,No,No,Yes,0.00,0.00,0.00,0.00,0.00,0.00,0.00,,0.00,No,No,0,0.00,0.00,0,0.00,,0,,0,,0,,0,,0,,,,HELEN,0,0,0,0,,13-Sep-21
Main,Goods for Inventory,TEA,THETA - RA,Yes,Yes,DUST1,TPP,22892,TH21220093,NONE,,,,0.0000,0.0000,0.00,0.00,40,3160,79,CTCJM2,No,No,Yes,0.00,0.00,0.00,0.00,0.00,0.00,0.00,,0.00,No,No,0,0.00,0.00,0,0.00,,0,,0,,0,,0,,0,,,,HELEN,0,0,0,0,,13-Sep-21
Main,Goods for Inventory,TEA,KAGWE - RA,Yes,Yes,PD,TPP,22898,KW21220108,NONE,,,,0.0000,0.0000,0.00,0.00,40,3000,75,CTCJM2,No,No,Yes,0.00,0.00,0.00,0.00,0.00,0.00,0.00,,0.00,No,No,0,0.00,0.00,0,0.00,,0,,0,,0,,0,,0,,,,HELEN,0,0,0,0,,13-Sep-21
Main,Goods for Inventory,TEA,KAGWE - RA,Yes,Yes,DUST1,TPP,22899,KW21220195,NONE,,,,0.0000,0.0000,0.00,0.00,40,3160,79,CTCJM2,No,No,Yes,0.00,0.00,0.00,0.00,0.00,0.00,0.00,,0.00,No,No,0,0.00,0.00,0,0.00,,0,,0,,0,,0,,0,,,,HELEN,0,0,0,0,,13-Sep-21
Main,Goods for Inventory,TEA,NDUTI - RA,Yes,Yes,PD,TPP,22904,DT21220071,NONE,,,,0.0000,0.0000,0.00,0.00,40,3000,75,CTCMRD,No,No,Yes,0.00,0.00,0.00,0.00,0.00,0.00,0.00,,0.00,No,No,0,0.00,0.00,0,0.00,,0,,0,,0,,0,,0,,,,HELEN,0,0,0,0,,13-Sep-21
Main,Goods for Inventory,TEA,IGEMBE - RA,Yes,Yes,PD,TPP,22907,IG21220029,NONE,,,,0.0000,0.0000,0.00,0.00,40,3000,75,CTCKTD,No,No,Yes,0.00,0.00,0.00,0.00,0.00,0.00,0.00,,0.00,No,No,0,0.00,0.00,0,0.00,,0,,0,,0,,0,,0,,,,HELEN,0,0,0,0,,13-Sep-21
Main,Goods for Inventory,TEA,NDARUGU - RA,Yes,Yes,PD,TPP,22912,NT21220060,NONE,,,,0.0000,0.0000,0.00,0.00,40,3000,75,CTCKTD,No,No,Yes,0.00,0.00,0.00,0.00,0.00,0.00,0.00,,0.00,No,No,0,0.00,0.00,0,0.00,,0,,0,,0,,0,,0,,,,HELEN,0,0,0,0,,13-Sep-21
Main,Goods for Inventory,TEA,NDARUGU - RA,Yes,Yes,DUST1,TPP,22913,NT21220075,NONE,,,,0.0000,0.0000,0.00,0.00,40,3160,79,CTCKTD,No,No,Yes,0.00,0.00,0.00,0.00,0.00,0.00,0.00,,0.00,No,No,0,0.00,0.00,0,0.00,,0,,0,,0,,0,,0,,,,HELEN,0,0,0,0,,13-Sep-21
Main,Goods for Inventory,TEA,KIONYO - RA,Yes,Yes,PD,TPP,22917,KO21220077,NONE,,,,0.0000,0.0000,0.00,0.00,40,3000,75,CTCKTD,No,No,Yes,0.00,0.00,0.00,0.00,0.00,0.00,0.00,,0.00,No,No,0,0.00,0.00,0,0.00,,0,,0,,0,,0,,0,,,,HELEN,0,0,0,0,,13-Sep-21
Main,Goods for Inventory,TEA,KIONYO - RA,Yes,Yes,DUST1,TPP,22918,KO21220111,NONE,,,,0.0000,0.0000,0.00,0.00,40,3160,79,CTCKTD,No,No,Yes,0.00,0.00,0.00,0.00,0.00,0.00,0.00,,0.00,No,No,0,0.00,0.00,0,0.00,,0,,0,,0,,0,,0,,,,HELEN,0,0,0,0,,13-Sep-21
Main,Goods for Inventory,TEA,IMENTI - RA,Yes,Yes,PD,TPP,22926,IM20212202,NONE,,,,0.0000,0.0000,0.00,0.00,40,3000,75,CTCKTD,No,No,Yes,0.00,0.00,0.00,0.00,0.00,0.00,0.00,,0.00,No,No,0,0.00,0.00,0,0.00,,0,,0,,0,,0,,0,,,,HELEN,0,0,0,0,,13-Sep-21
Main,Goods for Inventory,TEA,IMENTI - RA,Yes,Yes,DUST1,TPP,22927,IM21220209,NONE,,,,0.0000,0.0000,0.00,0.00,40,3160,79,CTCKTD,No,No,Yes,0.00,0.00,0.00,0.00,0.00,0.00,0.00,,0.00,No,No,0,0.00,0.00,0,0.00,,0,,0,,0,,0,,0,,,,HELEN,0,0,0,0,,13-Sep-21
Main,Goods for Inventory,TEA,MARICH,Yes,No,PD,TPP,22944,0719/21,NONE,,,,0.0000,0.0000,0.00,0.00,40,3036,76,SGL003,No,No,Yes,0.00,0.00,0.00,0.00,0.00,0.00,0.00,,0.00,No,No,0,0.00,0.00,0,0.00,,0,,0,,0,,0,,0,,,,HELEN,0,0,0,0,,13-Sep-21
Main,Goods for Inventory,TEA,MARICH,Yes,No,PD,TPP,22945,0727/21,NONE,,,,0.0000,0.0000,0.00,0.00,40,3036,76,SGL003,No,No,Yes,0.00,0.00,0.00,0.00,0.00,0.00,0.00,,0.00,No,No,0,0.00,0.00,0,0.00,,0,,0,,0,,0,,0,,,,HELEN,0,0,0,0,,13-Sep-21
Main,Goods for Inventory,TEA,MARICH,Yes,No,PD,TPP,22946,0732/21,NONE,,,,0.0000,0.0000,0.00,0.00,40,3036,76,SGL003,No,No,Yes,0.00,0.00,0.00,0.00,0.00,0.00,0.00,,0.00,No,No,0,0.00,0.00,0,0.00,,0,,0,,0,,0,,0,,,,HELEN,0,0,0,0,,13-Sep-21
Main,Goods for Inventory,TEA,MARICH,Yes,No,PD,TPP,22947,0746/21,NONE,,,,0.0000,0.0000,0.00,0.00,40,3036,76,SGL003,No,No,Yes,0.00,0.00,0.00,0.00,0.00,0.00,0.00,,0.00,No,No,0,0.00,0.00,0,0.00,,0,,0,,0,,0,,0,,,,HELEN,0,0,0,0,,13-Sep-21
Main,Goods for Inventory,TEA,MARICH,Yes,No,PD,TPP,22948,0844/21,NONE,,,,0.0000,0.0000,0.00,0.00,40,3040,76,SGL003,No,No,Yes,0.00,0.00,0.00,0.00,0.00,0.00,0.00,,0.00,No,No,0,0.00,0.00,0,0.00,,0,,0,,0,,0,,0,,,,HELEN,0,0,0,0,,13-Sep-21
Main,Goods for Inventory,TEA,MARICH,Yes,No,PD,TPP,22949,0848/21,NONE,,,,0.0000,0.0000,0.00,0.00,40,3040,76,SGL003,No,No,Yes,0.00,0.00,0.00,0.00,0.00,0.00,0.00,,0.00,No,No,0,0.00,0.00,0,0.00,,0,,0,,0,,0,,0,,,,HELEN,0,0,0,0,,13-Sep-21
Main,Goods for Inventory,TEA,MARICH,Yes,No,PD,TPP,22950,0849/21,NONE,,,,0.0000,0.0000,0.00,0.00,40,3040,76,SGL003,No,No,Yes,0.00,0.00,0.00,0.00,0.00,0.00,0.00,,0.00,No,No,0,0.00,0.00,0,0.00,,0,,0,,0,,0,,0,,,,HELEN,0,0,0,0,,13-Sep-21
Main,Goods for Inventory,TEA,MARICH,Yes,No,PD,TPP,22951,0855/21,NONE,,,,0.0000,0.0000,0.00,0.00,40,3040,76,SGL003,No,No,Yes,0.00,0.00,0.00,0.00,0.00,0.00,0.00,,0.00,No,No,0,0.00,0.00,0,0.00,,0,,0,,0,,0,,0,,,,HELEN,0,0,0,0,,13-Sep-21
Main,Goods for Inventory,TEA,MARICH,Yes,No,PD,TPP,22952,0857/21,NONE,,,,0.0000,0.0000,0.00,0.00,40,3040,76,SGL003,No,No,Yes,0.00,0.00,0.00,0.00,0.00,0.00,0.00,,0.00,No,No,0,0.00,0.00,0,0.00,,0,,0,,0,,0,,0,,,,HELEN,0,0,0,0,,13-Sep-21
Main,Goods for Inventory,TEA,MARICH,Yes,No,PD,TPP,22953,0885/21,NONE,,,,0.0000,0.0000,0.00,0.00,40,3040,76,SGL003,No,No,Yes,0.00,0.00,0.00,0.00,0.00,0.00,0.00,,0.00,No,No,0,0.00,0.00,0,0.00,,0,,0,,0,,0,,0,,,,HELEN,0,0,0,0,,13-Sep-21
Main,Goods for Inventory,TEA,SIARRA - RA,Yes,Yes,PD,TPP,22957,1139/2021,NONE,,,,0.0000,0.0000,0.00,0.00,40,2792,70,UWL420,No,No,Yes,0.00,0.00,0.00,0.00,0.00,0.00,0.00,,0.00,No,No,0,0.00,0.00,0,0.00,,0,,0,,0,,0,,0,,,,HELEN,0,0,0,0,,13-Sep-21
Main,Goods for Inventory,TEA,SIARRA - RA,Yes,Yes,PD,TPP,22958,1140/2021,NONE,,,,0.0000,0.0000,0.00,0.00,40,2792,70,UWL420,No,No,Yes,0.00,0.00,0.00,0.00,0.00,0.00,0.00,,0.00,No,No,0,0.00,0.00,0,0.00,,0,,0,,0,,0,,0,,,,HELEN,0,0,0,0,,13-Sep-21
Main,Goods for Inventory,TEA,SIARRA - RA,Yes,Yes,PD,TPP,22959,1204/2021,NONE,,,,0.0000,0.0000,0.00,0.00,40,2796,70,UWL420,No,No,Yes,0.00,0.00,0.00,0.00,0.00,0.00,0.00,,0.00,No,No,0,0.00,0.00,0,0.00,,0,,0,,0,,0,,0,,,,HELEN,0,0,0,0,,13-Sep-21
Main,Goods for Inventory,TEA,SIARRA - RA,Yes,Yes,PD,TPP,22960,1254/2021,NONE,,,,0.0000,0.0000,0.00,0.00,40,2800,70,UWL420,No,No,Yes,0.00,0.00,0.00,0.00,0.00,0.00,0.00,,0.00,No,No,0,0.00,0.00,0,0.00,,0,,0,,0,,0,,0,,,,HELEN,0,0,0,0,,13-Sep-21
Main,Goods for Inventory,TEA,SIARRA - RA,Yes,Yes,DUST1,TPP,22961,1202/2021,NONE,,,,0.0000,0.0000,0.00,0.00,40,3076,77,UWL420,No,No,Yes,0.00,0.00,0.00,0.00,0.00,0.00,0.00,,0.00,No,No,0,0.00,0.00,0,0.00,,0,,0,,0,,0,,0,,,,HELEN,0,0,0,0,,13-Sep-21
Main,Goods for Inventory,TEA,SIARRA - RA,Yes,Yes,DUST1,TPP,22962,1252/2021,NONE,,,,0.0000,0.0000,0.00,0.00,40,3080,78,UWL420,No,No,Yes,0.00,0.00,0.00,0.00,0.00,0.00,0.00,,0.00,No,No,0,0.00,0.00,0,0.00,,0,,0,,0,,0,,0,,,,HELEN,0,0,0,0,,13-Sep-21
Main,Goods for Inventory,TEA,KIGEZI HIGHLAND,No,No,PD,TPP,22966,335,NONE,,,,0.0000,0.0000,0.00,0.00,40,2792,70,UWL420,No,No,Yes,0.00,0.00,0.00,0.00,0.00,0.00,0.00,,0.00,No,No,0,0.00,0.00,0,0.00,,0,,0,,0,,0,,0,,,,HELEN,0,0,0,0,,13-Sep-21
Main,Goods for Inventory,TEA,KIGEZI HIGHLAND,No,No,PD,TPP,22967,406,NONE,,,,0.0000,0.0000,0.00,0.00,40,2800,70,UWL420,No,No,Yes,0.00,0.00,0.00,0.00,0.00,0.00,0.00,,0.00,No,No,0,0.00,0.00,0,0.00,,0,,0,,0,,0,,0,,,,HELEN,0,0,0,0,,13-Sep-21
Main,Goods for Inventory,TEA,MOMUL - RA,Yes,Yes,PD,TPP,22973,ML21220128,NONE,,,,0.0000,0.0000,0.00,0.00,40,3000,75,CTCKTD,No,No,Yes,0.00,0.00,0.00,0.00,0.00,0.00,0.00,,0.00,No,No,0,0.00,0.00,0,0.00,,0,,0,,0,,0,,0,,,,HELEN,0,0,0,0,,13-Sep-21
Main,Goods for Inventory,TEA,MOMUL - RA,Yes,Yes,PD,TPP,22974,ML21220140,NONE,,,,0.0000,0.0000,0.00,0.00,40,3000,75,CTCKTD,No,No,Yes,0.00,0.00,0.00,0.00,0.00,0.00,0.00,,0.00,No,No,0,0.00,0.00,0,0.00,,0,,0,,0,,0,,0,,,,HELEN,0,0,0,0,,13-Sep-21
Main,Goods for Inventory,TEA,MOMUL - RA,Yes,Yes,DUST1,TPP,22975,ML21220076,NONE,,,,0.0000,0.0000,0.00,0.00,40,3156,79,CTCMTI,No,No,Yes,0.00,0.00,0.00,0.00,0.00,0.00,0.00,,0.00,No,No,0,0.00,0.00,0,0.00,,0,,0,,0,,0,,0,,,,HELEN,0,0,0,0,,13-Sep-21
Main,Goods for Inventory,TEA,MOMUL - RA,Yes,Yes,DUST1,TPP,22976,ML21220173,NONE,,,,0.0000,0.0000,0.00,0.00,40,3143,79,CTCKTD,No,No,Yes,0.00,0.00,0.00,0.00,0.00,0.00,0.00,,0.00,No,No,0,0.00,0.00,0,0.00,,0,,0,,0,,0,,0,,,,HELEN,0,0,0,0,,13-Sep-21
Main,Goods for Inventory,TEA,TEGAT - RA,Yes,Yes,PD,TPP,22983,TG21220116,NONE,,,,0.0000,0.0000,0.00,0.00,40,3000,75,CTCMRD,No,No,Yes,0.00,0.00,0.00,0.00,0.00,0.00,0.00,,0.00,No,No,0,0.00,0.00,0,0.00,,0,,0,,0,,0,,0,,,,HELEN,0,0,0,0,,13-Sep-21
Main,Goods for Inventory,TEA,TEGAT - RA,Yes,Yes,PD,TPP,22984,TG21220126,NONE,,,,0.0000,0.0000,0.00,0.00,40,3000,75,CTCMRD,No,No,Yes,0.00,0.00,0.00,0.00,0.00,0.00,0.00,,0.00,No,No,0,0.00,0.00,0,0.00,,0,,0,,0,,0,,0,,,,HELEN,0,0,0,0,,13-Sep-21
Main,Goods for Inventory,TEA,TEGAT - RA,Yes,Yes,DUST1,TPP,22985,TG20211666,NONE,,,,0.0000,0.0000,0.00,0.00,40,3152,79,CTCMRD,No,No,Yes,0.00,0.00,0.00,0.00,0.00,0.00,0.00,,0.00,No,No,0,0.00,0.00,0,0.00,,0,,0,,0,,0,,0,,,,HELEN,0,0,0,0,,13-Sep-21
Main,Goods for Inventory,TEA,TEGAT - RA,Yes,Yes,DUST1,TPP,22986,TG20211691,NONE,,,,0.0000,0.0000,0.00,0.00,40,3152,79,CTCMRD,No,No,Yes,0.00,0.00,0.00,0.00,0.00,0.00,0.00,,0.00,No,No,0,0.00,0.00,0,0.00,,0,,0,,0,,0,,0,,,,HELEN,0,0,0,0,,13-Sep-21
Main,Goods for Inventory,TEA,TEGAT - RA,Yes,Yes,DUST1,TPP,22987,TG20211724,NONE,,,,0.0000,0.0000,0.00,0.00,40,3152,79,CTCMRD,No,No,Yes,0.00,0.00,0.00,0.00,0.00,0.00,0.00,,0.00,No,No,0,0.00,0.00,0,0.00,,0,,0,,0,,0,,0,,,,HELEN,0,0,0,0,,13-Sep-21
Main,Goods for Inventory,TEA,TEGAT - RA,Yes,Yes,DUST1,TPP,22988,TG21220110,NONE,,,,0.0000,0.0000,0.00,0.00,40,3160,79,CTCMRD,No,No,Yes,0.00,0.00,0.00,0.00,0.00,0.00,0.00,,0.00,No,No,0,0.00,0.00,0,0.00,,0,,0,,0,,0,,0,,,,HELEN,0,0,0,0,,13-Sep-21
Main,Goods for Inventory,TEA,SANGANYI - RA,Yes,Yes,PD,TPP,22996,SA21220124,NONE,,,,0.0000,0.0000,0.00,0.00,40,2994,75,CTCMRD,No,No,Yes,0.00,0.00,0.00,0.00,0.00,0.00,0.00,,0.00,No,No,0,0.00,0.00,0,0.00,,0,,0,,0,,0,,0,,,,HELEN,0,0,0,0,,13-Sep-21
Main,Goods for Inventory,TEA,SANGANYI - RA,Yes,Yes,PD,TPP,22997,SA21220129,NONE,,,,0.0000,0.0000,0.00,0.00,40,3000,75,CTCMRD,No,No,Yes,0.00,0.00,0.00,0.00,0.00,0.00,0.00,,0.00,No,No,0,0.00,0.00,0,0.00,,0,,0,,0,,0,,0,,,,HELEN,0,0,0,0,,13-Sep-21
Main,Goods for Inventory,TEA,SANGANYI - RA,Yes,Yes,DUST1,TPP,22998,SA21220056,NONE,,,,0.0000,0.0000,0.00,0.00,40,3156,79,CTCMRD,No,No,Yes,0.00,0.00,0.00,0.00,0.00,0.00,0.00,,0.00,No,No,0,0.00,0.00,0,0.00,,0,,0,,0,,0,,0,,,,HELEN,0,0,0,0,,13-Sep-21
Main,Goods for Inventory,TEA,MUDETE - RA,Yes,Yes,PD,TPP,21007,MD21220037,NONE,,,,0.0000,0.0000,0.00,0.00,40,3000,75,CTCJM2,No,No,Yes,0.00,0.00,0.00,0.00,0.00,0.00,0.00,,0.00,No,No,0,0.00,0.00,0,0.00,,0,,0,,0,,0,,0,,,,HELEN,0,0,0,0,,13-Sep-21
Main,Goods for Inventory,TEA,MUDETE - RA,Yes,Yes,PD,TPP,21008,MD21220043,NONE,,,,0.0000,0.0000,0.00,0.00,40,3000,75,CTCJM2,No,No,Yes,0.00,0.00,0.00,0.00,0.00,0.00,0.00,,0.00,No,No,0,0.00,0.00,0,0.00,,0,,0,,0,,0,,0,,,,HELEN,0,0,0,0,,13-Sep-21
Main,Goods for Inventory,TEA,MUDETE - RA,Yes,Yes,DUST1,TPP,21009,MD20211119,NONE,,,,0.0000,0.0000,0.00,0.00,40,3152,79,CTCJM2,No,No,Yes,0.00,0.00,0.00,0.00,0.00,0.00,0.00,,0.00,No,No,0,0.00,0.00,0,0.00,,0,,0,,0,,0,,0,,,,HELEN,0,0,0,0,,13-Sep-21
Main,Goods for Inventory,TEA,MUDETE - RA,Yes,Yes,DUST1,TPP,21010,MD21220036,NONE,,,,0.0000,0.0000,0.00,0.00,40,3160,79,CTCJM2,No,No,Yes,0.00,0.00,0.00,0.00,0.00,0.00,0.00,,0.00,No,No,0,0.00,0.00,0,0.00,,0,,0,,0,,0,,0,,,,HELEN,0,0,0,0,,13-Sep-21
Main,Goods for Inventory,TEA,MUDETE - RA,Yes,Yes,DUST1,TPP,21011,MD21220071,NONE,,,,0.0000,0.0000,0.00,0.00,40,3160,79,CTCJM2,No,No,Yes,0.00,0.00,0.00,0.00,0.00,0.00,0.00,,0.00,No,No,0,0.00,0.00,0,0.00,,0,,0,,0,,0,,0,,,,HELEN,0,0,0,0,,13-Sep-21
Main,Goods for Inventory,TEA,KAPKO - RA,Yes,Yes,PD,TPP,21025,KP21220057,NONE,,,,0.0000,0.0000,0.00,0.00,40,3000,75,CTCMRD,No,No,Yes,0.00,0.00,0.00,0.00,0.00,0.00,0.00,,0.00,No,No,0,0.00,0.00,0,0.00,,0,,0,,0,,0,,0,,,,HELEN,0,0,0,0,,13-Sep-21
Main,Goods for Inventory,TEA,KAPKO - RA,Yes,Yes,PD,TPP,21026,KP21220067,NONE,,,,0.0000,0.0000,0.00,0.00,40,3000,75,CTCMRD,No,No,Yes,0.00,0.00,0.00,0.00,0.00,0.00,0.00,,0.00,No,No,0,0.00,0.00,0,0.00,,0,,0,,0,,0,,0,,,,HELEN,0,0,0,0,,13-Sep-21
Main,Goods for Inventory,TEA,KAPKO - RA,Yes,Yes,DUST1,TPP,21027,KP20212655,NONE,,,,0.0000,0.0000,0.00,0.00,40,3152,79,CTCMRD,No,No,Yes,0.00,0.00,0.00,0.00,0.00,0.00,0.00,,0.00,No,No,0,0.00,0.00,0,0.00,,0,,0,,0,,0,,0,,,,HELEN,0,0,0,0,,13-Sep-21
Main,Goods for Inventory,TEA,KAPKO - RA,Yes,Yes,DUST1,TPP,21028,KP21220086,NONE,,,,0.0000,0.0000,0.00,0.00,40,3156,79,CTCMRD,No,No,Yes,0.00,0.00,0.00,0.00,0.00,0.00,0.00,,0.00,No,No,0,0.00,0.00,0,0.00,,0,,0,,0,,0,,0,,,,HELEN,0,0,0,0,,13-Sep-21
Main,Goods for Inventory,TEA,KAPKO - RA,Yes,Yes,DUST1,TPP,21029,KP21220247,NONE,,,,0.0000,0.0000,0.00,0.00,40,3160,79,CTCMRD,No,No,Yes,0.00,0.00,0.00,0.00,0.00,0.00,0.00,,0.00,No,No,0,0.00,0.00,0,0.00,,0,,0,,0,,0,,0,,,,HELEN,0,0,0,0,,13-Sep-21
Main,Goods for Inventory,TEA,ROROK - RA,Yes,Yes,PD,TPP,21050,RR21220103,NONE,,,,0.0000,0.0000,0.00,0.00,40,3000,75,CTCMRD,No,No,Yes,0.00,0.00,0.00,0.00,0.00,0.00,0.00,,0.00,No,No,0,0.00,0.00,0,0.00,,0,,0,,0,,0,,0,,,,HELEN,0,0,0,0,,13-Sep-21
Main,Goods for Inventory,TEA,ROROK - RA,Yes,Yes,PD,TPP,21051,RR21220118,NONE,,,,0.0000,0.0000,0.00,0.00,40,3000,75,CTCMRD,No,No,Yes,0.00,0.00,0.00,0.00,0.00,0.00,0.00,,0.00,No,No,0,0.00,0.00,0,0.00,,0,,0,,0,,0,,0,,,,HELEN,0,0,0,0,,13-Sep-21
Main,Goods for Inventory,TEA,ROROK - RA,Yes,Yes,DUST1,TPP,21052,RR20212021,NONE,,,,0.0000,0.0000,0.00,0.00,40,3152,79,CTCMRD,No,No,Yes,0.00,0.00,0.00,0.00,0.00,0.00,0.00,,0.00,No,No,0,0.00,0.00,0,0.00,,0,,0,,0,,0,,0,,,,HELEN,0,0,0,0,,13-Sep-21
Main,Goods for Inventory,TEA,ROROK - RA,Yes,Yes,DUST1,TPP,21053,RR21220080,NONE,,,,0.0000,0.0000,0.00,0.00,40,3156,79,CTCMRD,No,No,Yes,0.00,0.00,0.00,0.00,0.00,0.00,0.00,,0.00,No,No,0,0.00,0.00,0,0.00,,0,,0,,0,,0,,0,,,,HELEN,0,0,0,0,,13-Sep-21
Main,Goods for Inventory,TEA,ROROK - RA,Yes,Yes,DUST1,TPP,21054,RR21220132,NONE,,,,0.0000,0.0000,0.00,0.00,40,3160,79,CTCMRD,No,No,Yes,0.00,0.00,0.00,0.00,0.00,0.00,0.00,,0.00,No,No,0,0.00,0.00,0,0.00,,0,,0,,0,,0,,0,,,,HELEN,0,0,0,0,,13-Sep-21
Secondary,Goods for Inventory,TEA,GITHAMBO - RA,Yes,Yes,FNGS1,PB,21055,GB21220203,NONE,,,,0.0000,0.0000,0.00,0.00,20,1000,50,CTCKTD,No,No,Yes,0.00,0.00,0.00,0.00,0.00,0.00,0.00,,0.00,No,No,0,0.00,0.00,0,0.00,,0,,0,,0,,0,,0,,,,HELEN,0,0,0,0,,13-Sep-21
Secondary,Goods for Inventory,TEA,IRIAINI - RA,Yes,Yes,FNGS1,PB,21056,IR21220147,NONE,,,,0.0000,0.0000,0.00,0.00,20,1000,50,CTCKTD,No,No,Yes,0.00,0.00,0.00,0.00,0.00,0.00,0.00,,0.00,No,No,0,0.00,0.00,0,0.00,,0,,0,,0,,0,,0,,,,HELEN,0,0,0,0,,13-Sep-21
Secondary,Goods for Inventory,TEA,KANYENYA - RA,Yes,Yes,DUST,PB,21057,KY21220135,NONE,,,,0.0000,0.0000,0.00,0.00,20,1500,75,CTCMRD,No,No,Yes,0.00,0.00,0.00,0.00,0.00,0.00,0.00,,0.00,No,No,0,0.00,0.00,0,0.00,,0,,0,,0,,0,,0,,,,HELEN,0,0,0,0,,13-Sep-21
Secondary,Goods for Inventory,TEA,KAMBAA - RA,Yes,Yes,DUST,PB,21058,KA21220037,NONE,,,,0.0000,0.0000,0.00,0.00,20,1500,75,CTCKTD,No,No,Yes,0.00,0.00,0.00,0.00,0.00,0.00,0.00,,0.00,No,No,0,0.00,0.00,0,0.00,,0,,0,,0,,0,,0,,,,HELEN,0,0,0,0,,13-Sep-21
Secondary,Goods for Inventory,TEA,THETA - RA,Yes,Yes,DUST,PB,21059,TH21220095,NONE,,,,0.0000,0.0000,0.00,0.00,20,1500,75,CTCJM2,No,No,Yes,0.00,0.00,0.00,0.00,0.00,0.00,0.00,,0.00,No,No,0,0.00,0.00,0,0.00,,0,,0,,0,,0,,0,,,,HELEN,0,0,0,0,,13-Sep-21
Secondary,Goods for Inventory,TEA,KIONYO - RA,Yes,Yes,FNGS1,PB,21060,KO20211920,NONE,,,,0.0000,0.0000,0.00,0.00,20,994,50,CTCMTI,No,No,Yes,0.00,0.00,0.00,0.00,0.00,0.00,0.00,,0.00,No,No,0,0.00,0.00,0,0.00,,0,,0,,0,,0,,0,,,,HELEN,0,0,0,0,,13-Sep-21
Secondary,Goods for Inventory,TEA,MARICH,Yes,No,FNGS1,PB,21061,0858/21,NONE,,,,0.0000,0.0000,0.00,0.00,20,960,48,SGL003,No,No,Yes,0.00,0.00,0.00,0.00,0.00,0.00,0.00,,0.00,No,No,0,0.00,0.00,0,0.00,,0,,0,,0,,0,,0,,,,HELEN,0,0,0,0,,13-Sep-21
Secondary,Goods for Inventory,TEA,MARICH,Yes,No,DUST2,PB,21062,0859,NONE,,,,0.0000,0.0000,0.00,0.00,20,1200,60,SGL003,No,No,Yes,0.00,0.00,0.00,0.00,0.00,0.00,0.00,,0.00,No,No,0,0.00,0.00,0,0.00,,0,,0,,0,,0,,0,,,,HELEN,0,0,0,0,,13-Sep-21
Secondary,Goods for Inventory,TEA,SIARRA - RA,Yes,Yes,PF2,PB,21063,1253/2021,NONE,,,,0.0000,0.0000,0.00,0.00,20,1160,58,UWL420,No,No,Yes,0.00,0.00,0.00,0.00,0.00,0.00,0.00,,0.00,No,No,0,0.00,0.00,0,0.00,,0,,0,,0,,0,,0,,,,HELEN,0,0,0,0,,13-Sep-21
Secondary,Goods for Inventory,TEA,KIGEZI HIGHLAND,No,No,BP,PB,21064,405,NONE,,,,0.0000,0.0000,0.00,0.00,20,1100,55,UWL420,No,No,Yes,0.00,0.00,0.00,0.00,0.00,0.00,0.00,,0.00,No,No,0,0.00,0.00,0,0.00,,0,,0,,0,,0,,0,,,,HELEN,0,0,0,0,,13-Sep-21
Secondary,Goods for Inventory,TEA,KIGEZI HIGHLAND,No,No,FNGS,PB,21065,370,NONE,,,,0.0000,0.0000,0.00,0.00,20,1098,55,UWL420,No,No,Yes,0.00,0.00,0.00,0.00,0.00,0.00,0.00,,0.00,No,No,0,0.00,0.00,0,0.00,,0,,0,,0,,0,,0,,,,HELEN,0,0,0,0,,13-Sep-21
Secondary,Goods for Inventory,TEA,KIGEZI HIGHLAND,No,No,BMF,PB,21066,400,NONE,,,,0.0000,0.0000,0.00,0.00,20,1000,50,UWL420,No,No,Yes,0.00,0.00,0.00,0.00,0.00,0.00,0.00,,0.00,No,No,0,0.00,0.00,0,0.00,,0,,0,,0,,0,,0,,,,HELEN,0,0,0,0,,13-Sep-21
Secondary,Goods for Inventory,TEA,MOMUL - RA,Yes,Yes,FNGS1,PB,21067,ML21220190,NONE,,,,0.0000,0.0000,0.00,0.00,20,1000,50,CTCKTD,No,No,Yes,0.00,0.00,0.00,0.00,0.00,0.00,0.00,,0.00,No,No,0,0.00,0.00,0,0.00,,0,,0,,0,,0,,0,,,,HELEN,0,0,0,0,,13-Sep-21
Secondary,Goods for Inventory,TEA,TEGAT - RA,Yes,Yes,DUST,PB,21068,TG20211712,NONE,,,,0.0000,0.0000,0.00,0.00,20,1494,75,CTCMRD,No,No,Yes,0.00,0.00,0.00,0.00,0.00,0.00,0.00,,0.00,No,No,0,0.00,0.00,0,0.00,,0,,0,,0,,0,,0,,,,HELEN,0,0,0,0,,13-Sep-21
Secondary,Goods for Inventory,TEA,TEGAT - RA,Yes,Yes,FNGS1,PB,21069,TG21220185,NONE,,,,0.0000,0.0000,0.00,0.00,20,1000,50,CTCMRD,No,No,Yes,0.00,0.00,0.00,0.00,0.00,0.00,0.00,,0.00,No,No,0,0.00,0.00,0,0.00,,0,,0,,0,,0,,0,,,,HELEN,0,0,0,0,,13-Sep-21
Secondary,Goods for Inventory,TEA,SANGANYI - RA,Yes,Yes,FNGS1,PB,21070,SA21220194,NONE,,,,0.0000,0.0000,0.00,0.00,20,1000,50,CTCMRD,No,No,Yes,0.00,0.00,0.00,0.00,0.00,0.00,0.00,,0.00,No,No,0,0.00,0.00,0,0.00,,0,,0,,0,,0,,0,,,,HELEN,0,0,0,0,,13-Sep-21
Secondary,Goods for Inventory,TEA,KAPKO - RA,Yes,Yes,FNGS1,PB,21071,KP20212590,NONE,,,,0.0000,0.0000,0.00,0.00,20,998,50,CTCMRD,No,No,Yes,0.00,0.00,0.00,0.00,0.00,0.00,0.00,,0.00,No,No,0,0.00,0.00,0,0.00,,0,,0,,0,,0,,0,,,,HELEN,0,0,0,0,,13-Sep-21
Secondary,Goods for Inventory,TEA,KAPKO - RA,Yes,Yes,FNGS1,PB,21072,KP20212663,NONE,,,,0.0000,0.0000,0.00,0.00,20,1000,50,CTCMRD,No,No,Yes,0.00,0.00,0.00,0.00,0.00,0.00,0.00,,0.00,No,No,0,0.00,0.00,0,0.00,,0,,0,,0,,0,,0,,,,HELEN,0,0,0,0,,13-Sep-21
Secondary,Goods for Inventory,TEA,ROROK - RA,Yes,Yes,DUST,PB,21073,RR21220265,NONE,,,,0.0000,0.0000,0.00,0.00,20,1500,75,CTCMRD,No,No,Yes,0.00,0.00,0.00,0.00,0.00,0.00,0.00,,0.00,No,No,0,0.00,0.00,0,0.00,,0,,0,,0,,0,,0,,,,HELEN,0,0,0,0,,13-Sep-21
Secondary,Goods for Inventory,TEA,ROROK - RA,Yes,Yes,FNGS1,PB,21074,RR21220145,NONE,,,,0.0000,0.0000,0.00,0.00,20,998,50,CTCMRD,No,No,Yes,0.00,0.00,0.00,0.00,0.00,0.00,0.00,,0.00,No,No,0,0.00,0.00,0,0.00,,0,,0,,0,,0,,0,,,,HELEN,0,0,0,0,,13-Sep-21
